APD,110
AHKSY.PK,110
ASH,110
BASFY.PK,110
CE,110
DYMTF.OB,110
DD,110
EMN,110
FMST.PK,110
FMC,110
GBOE.PK,110
HABE.PK,110
JMPLY.PK,110
AIQUY.PK,110
MEOH,110
NWGN.PK,110
RHAYY.PK,110
ROH,110
SEVT.PK,110
TXPI.PK,110
DOW,110
LNAGF.PK,110
SHW,110
VSE,110
ALB,111
ARJ,111
BLGO.OB,111
CCC,111
CDTI,111
DTRX.PK,111
EPLN.OB,111
GGC,111
HUN,111
ICOC,111
IPHS,111
IFF,111
LNDC,111
LDL,111
MTX,111
MANW.OB,111
NLC,111
NL,111
NCX,111
POL,111
PX,111
PTPIY.PK,111
RSSYF.PK,111
ROC,111
SHECY.PK,111
SHI,111
SQM,111
SVYSY.PK,111
SCHI.OB,111
TORM,111
VHI,111
VTXPF.PK,111
WMANQ.OB,111
AGU,112
AVD,112
BBCZ.PK,112
CF,112
CMP,112
COIN,112
EDEN,112
HUMT.PK,112
ITRO.OB,112
KMGB,112
MON,112
PHOS.PK,112
POT,112
SPVEF.PK,112
SYT,112
TRA,112
TNH,112
MOS,112
SMG,112
ADES,113
ADMT.OB,113
ABDS.OB,113
ALTI,113
APFC,113
AVR,113
BIOF,113
BAK,113
CBT,113
CEM,113
CHRN.OB,113
CSBHY.PK,113
CYKIF.PK,113
CYAN,113
CYT,113
FOE,113
FAME.PK,113
FTK,113
GPRE,113
GU,113
FUL,113
HERC.PK,113
HXBM.OB,113
IOSP,113
ISON.OB,113
KOLR.OB,113
KRO,113
LPAD.OB,113
MACE,113
NAITF.PK,113
NEU,113
NFTIE.OB,113
OTOD.OB,113
ODC,113
OMG,113
OMN,113
PEIX,113
PENX,113
PPO,113
KWR,113
RNWF.OB,113
RVTI.OB,113
RONC,113
SLIF.PK,113
SXT,113
SDTH,113
SIAL,113
SOA,113
NZYM.OB,113
LZ,113
UNRG.OB,113
VRNM,113
VRDE.OB,113
GRA,113
WDFC,113
WLK,113
WPZ,113
BP,120
CVX,120
COP,120
E,120
XOM,120
PZE,120
PTR,120
REP,120
TOT,120
AXAS,121
APKKF.PK,121
ALTX.OB,121
AEZ,121
APPN.PK,121
APC,121
APA,121
APAGF,121
ASPN.OB,121
ATPG,121
AOG,121
AVNU.OB,121
BRN,121
BSIC.OB,121
BYCX.OB,121
BRY,121
BDCO,121
BEXP,121
BEYGF.PK,121
COG,121
CPE,121
CHDVF.PK,121
CNQ,121
CNR,121
CRZO,121
CHK,121
SNP,121
XEC,121
CKX,121
CWEI,121
CEO,121
CRK,121
MCF,121
CPPXF.OB,121
CRED,121
CXPO.OB,121
XTEX,121
DIPGY.PK,121
DPTR,121
DNR,121
DVN,121
DBLE,121
DRXGF.PK,121
EPEX,121
EEGC.OB,121
EEQ,121
ECA,121
EAC,121
END,121
EPL,121
EPD,121
EOG,121
ERHE.OB,121
EPM,121
XCO,121
FEEC.OB,121
FECOF.OB,121
FPP,121
FST,121
GSX,121
GPR,121
GEOI,121
GMXR,121
GDP,121
GPOR,121
HPCO.OB,121
HNR,121
HKN,121
HUSA,121
IPRPY.PK,121
ISRL,121
LINE,121
LEI,121
MPET,121
MMLP,121
MXGFF.PK,121
MMR,121
MXC,121
NFX,121
NBL,121
OAKR.OB,121
OXY,121
PHX,121
PLLL,121
PVA,121
HK,121
PQ,121
PXD,121
PXP,121
PNRG,121
STR,121
KWK,121
RRC,121
RMMI.OB,121
ROSE,121
ROYL,121
SWN,121
SPND.OB,121
SM,121
STDE.OB,121
SGY,121
SU,121
SFY,121
TLM,121
TVOC.OB,121
TMR,121
RSRV.OB,121
TRGL,121
TGA,121
TXCO,121
UPL,121
EGY,121
WMZ,121
XTO,121
ALJ,122
ARSD,122
BPT,122
CLMT,122
CPYYY.PK,122
CMOOF.PK,122
XTXI,122
CVI,122
DK,122
EROC,122
EPE,122
FTO,122
HES,122
HOC,122
IMO,122
IOC,122
MRO,122
MITSY,122
MUR,122
NXGNF.OB,122
NBF,122
LUKOY.PK,122
OMVKY.PK,122
PCZ,122
PETD,122
SSL,122
SUF,122
SUN,122
SYNM,122
TSO,122
TOIPF.PK,122
TTGL.PK,122
VLO,122
WNR,122
YPF,122
AKTAF.PK,123
ANRUF.PK,123
AREX,123
ARD,123
ASRPF.PK,123
ATLS,123
ATN,123
AHD,123
ATW,123
AUSPF.PK,123
AOGN.OB,123
BRGYY.PK,123
BSKO.PK,123
BBG,123
BBEP,123
BRNC,123
CADD.PK,123
COSWF.PK,123
SNG,123
CFW,123
LNG,123
CNEH.OB,123
CTVWF.OB,123
CKKHF.PK,123
CXG,123
CMZ,123
CXO,123
CEP,123
CLR,123
KRU,123
CWLXF.PK,123
DWOG.PK,123
DRKOF.PK,123
DO,123
DNE,123
EDNE.OB,123
ENP,123
ERF,123
ESV,123
ESVIF.PK,123
ENT,123
EVEP,123
FXEN,123
GAXIQ.PK,123
GST,123
GGR,123
GMET,123
GLRP,123
GSVI.OB,123
GIFI,123
HTOG.PK,123
HP,123
HERO,123
HPGP,123
HLND,123
HDY,123
IFNY.PK,123
IVAN,123
JFGI.OB,123
JDO,123
KEG,123
KOG,123
LGCY,123
LTWV.OB,123
ME,123
MWE,123
MARUY.PK,123
MVRM.PK,123
MILL.PK,123
MVO,123
NBR,123
NTG,123
NESS.PK,123
GBR,123
NXY,123
NGAS,123
NE,123
SGTZY.PK,123
PAPO.OB,123
PKD,123
PTEN,123
PGH,123
PBR,123
PGSVY.PK,123
PTSG.OB,123
PSJEY.PK,123
PINN,123
PDC,123
PSE,123
PRRPF.OB,123
PDE,123
PVRS.OB,123
QELP,123
QRCP,123
KGS,123
REXX,123
RCKE.OB,123
RDC,123
SD,123
STOSY,123
SFNRF.PK,123
STO,123
SOIGF.OB,123
SRGG.OB,123
TBXC.PK,123
TGC,123
TEC,123
RIG,123
TIV,123
UDRL,123
UNT,123
VNR,123
VQ,123
VTEX.OB,123
VXEN.PK,123
WTI,123
WLL,123
WOPEY.PK,123
ABLE.PK,124
ACGY,124
AKKVF.PK,124
ALOD.OB,124
ALY,124
ATGFF.PK,124
BHI,124
BAS,124
BJS,124
BESV.OB,124
WEL,124
DVR,124
CAM,124
CRR,124
CSSV.OB,124
CCRJF.PK,124
CGV,124
CLRGF.PK,124
CAOLF.PK,124
CPX,124
CLB,124
DWSN,124
DRQ,124
EGSR.OB,124
EXH,124
EXLP,124
FTI,124
GLBL,124
GLF,124
HAL,124
HLX,124
LUFK,124
MNMN.OB,124
NOV,124
NGS,124
NR,124
NOA,124
OII,124
OIS,124
OMNI,124
PDRT,124
PPRBQ.PK,124
PDS,124
PTXLF.PK,124
RES,124
SLB,124
SHGPF.OB,124
SII,124
SPN,124
SWSI,124
TESO,124
TTI,124
TGE,124
TIDE.OB,124
TRMA,124
WRES,124
WFT,124
WG,124
WH,124
APL,125
BWP,125
BGH,125
BPL,125
CQP,125
CPNO,125
DPM,125
DEP,125
EP,125
ENGGF.PK,125
EEP,125
ENB,125
ETE,125
ETP,125
FCGYF.PK,125
GNRG.OB,125
GEL,125
HEP,125
KMP,125
KMR,125
MGG,125
MMP,125
NS,125
NSH,125
OKS,125
PAA,125
RGNC,125
SGLP,125
SE,125
SEP,125
SXL,125
NGLS,125
TCLP,125
TPP,125
WMB,125
TLP,125
WES,125
AKS,130
ALJJ.PK,130
AYSI.OB,130
MT,130
CRS,130
CPSL,130
CLF,130
CMC,130
SID,130
DSUP,130
FRD,130
GNA,130
GGB,130
ROCK,130
GNI,130
SIM,130
HSC,130
HAYN,130
HSVLY,130
ICHBF.PK,130
IIIN,130
JFEEF.PK,130
KYCN.OB,130
MAANF.PK,130
MTL,130
MEA,130
NISTY.PK,130
NWPX,130
NUE,130
ZEUS,130
OSTLF.PK,130
PKX,130
SCHN,130
SSAAF.PK,130
STLD,130
SMMLY.PK,130
SYNL,130
TS,130
TX,130
USAP,130
WEBC.PK,130
WOR,130
ANFGY.PK,131
BDNNF.PK,131
CBLRF.OB,131
CPRK.PK,131
WIRE,131
FCX,131
GMBXF.PK,131
IEMMF.PK,131
JIXAY.PK,131
MAD,131
OLN,131
PBM,131
PCU,131
SLT,131
TGB,131
APNI.PK,131
TYRRF.PK,131
AA,132
ACH,132
CENX,132
KALU,132
MNSF.PK,132
NHYDY.PK,132
TG,132
AXU,133
ATI,133
ARLP,133
AAU,133
ANR,133
AALA.PK,133
ALIAF.PK,133
AAUK,133
ANO,133
APLL.OB,133
ACI,133
ALMI.PK,133
BAA,133
BLGFF.PK,133
BEIC.PK,133
BENGF.PK,133
BOLV.PK,133
BZOFF.PK,133
BWLRF.PK,133
BMXI.OB,133
BW,133
CALVF.OB,133
CCJ,133
CCRE.OB,133
CGHLF.PK,133
CZICF.OB,133
CRCUF.OB,133
CRLR.PK,133
CFCM.PK,133
CCOZF.PK,133
CHNR,133
RIO,133
CNX,133
KMKCF.OB,133
CLHRF.OB,133
CTNXF.PK,133
ETQ,133
CRMXF.OB,133
CRUGF.PK,133
DNN,133
DRIFF.PK,133
BOOM,133
FCL,133
FMNJ.PK,133
FGOVF.OB,133
FRG,133
GSML.PK,133
GMO,133
GQMNF.PK,133
HLOSF.PK,133
ZINC,133
ICRB.PK,133
IMPUY.PK,133
ICO,133
ITOCY.PK,133
IVN,133
JRCC,133
LIHR,133
LQMT.OB,133
LMC,133
MEE,133
MTLI.PK,133
MFN,133
NILSY.PK,133
MSBHY.PK,133
NANX,133
NCOC,133
NRP,133
NWDMF.PK,133
NAGM.OB,133
PAL,133
NBRI.PK,133
OPYGY.PK,133
PAAS,133
PCX,133
BTU,133
PVG,133
PVR,133
PTQMF.OB,133
PNRR.PK,133
PLM,133
PBMRF.PK,133
GOLD,133
RFIVF.PK,133
RTI,133
SFEG.OB,133
SLGLF.OB,133
SVMFF.PK,133
SWC,133
TCK,133
TCEGF.PK,133
TRYLF.OB,133
TGILF.PK,133
TIE,133
TUMIF.OB,133
USEG,133
UAMY.OB,133
URZ,133
URRE,133
USU,133
VICC.PK,133
WLT,133
WMLLF.PK,133
WPEC.PK,133
WLB,133
YZC,133
ZABRF.OB,133
ZMPLF.PK,133
AEM,134
ABX,134
AU,134
AGT,134
AZK,134
ABX,134
CGLD.OB,134
CDY,134
SMC,134
CGR,134
CGCO.OB,134
BVN,134
KRY,134
DROOY,134
EGO,134
EGI,134
XRA,134
GRS,134
GFI,134
GRZ,134
GG,134
MYNG.OB,134
GSS,134
HMY,134
IAG,134
KBX,134
KGC,134
MGH,134
NSU,134
NJMC.OB,134
NEM,134
NAK,134
NXG,134
NG,134
OZN,134
PMU,134
RIC,134
RGLD,134
RBY,134
SA,134
XPL,134
TRE,134
THMG.OB,134
UXG,134
VGZ,134
WITM.OB,134
AUY,134
SIL,135
CDE,135
HL,135
IMR,135
MGN,135
SSRI,135
SLW,135
AHGP,136
DMDD.OB,136
DWYKF.PK,136
HWD,136
IPI,136
MDM,136
NEMFF.PK,136
NGD,136
RDIAF.OB,136
UCCO.PK,136
MMM,210
ASFI,210
CHKE,210
CBE,210
CR,210
DHR,210
ESSE.OB,210
GY,210
GE,210
KATY.OB,210
LLTI.OB,210
PPG,210
RTK,210
RDGA.OB,210
TXT,210
UTX,210
ELUXY.PK,310
AWTI.PK,310
ARCI,310
EUPI.PK,310
GAI,310
HELE,310
HDSN,310
IRBT,310
LII,310
NPK,310
RHDGF.PK,310
RNCP.PK,310
SPW,310
WHR,310
AYI,311
AFBG.OB,311
BSET,311
CRC,311
ETH,311
FLXS,311
FO,311
FBN,311
HOFT,311
LZB,311
LEG,311
LSCG.OB,311
NTZ,311
ZZ,311
SCSS,311
STLY,311
TPX,311
USHS,311
XNN,311
BLT,312
DIIB.PK,312
DGIX.PK,312
IPUR.PK,312
IDND.PK,312
JAH,312
LENX.OB,312
LBY,312
LCUT,312
NWL,312
SEAI.PK,312
BYDC.PK,312
CATM,313
CSTR,313
DBD,313
EFOI,313
FEP,313
GPTX.OB,313
MLHR,313
HNI,313
HYC,313
ITSI.OB,313
KBALB,313
KNL,313
LYTS,313
NFSE.OB,313
OPMR,313
PTC,313
PBI,313
SCS,313
TRMM.OB,313
PAY,313
VIRC,313
XRX,313
ANDR.OB,314
AVID,314
CPFR.PK,314
CSCD,314
CRWFF.PK,314
COBR,314
CREAF.PK,314
DEIX,314
DTSI,314
EDIG.OB,314
ELST.OB,314
MSN,314
HAR,314
ICOP,314
KOSS,314
LTEC,314
MC,314
QSND,314
RWC,314
ROFO,314
PHG,314
SANYY.PK,314
SLSZ.PK,314
SNE,314
TMS,314
SHRPQ.PK,314
UEIC,314
APII,315
CRGI,315
FNET,315
GMTC,315
GPIC,315
GNOI.OB,315
GRINY.PK,315
HAS,315
JAKK,315
KDSC.PK,315
LF,315
MCZ,315
MAT,315
NTDOF.PK,315
RCRC,315
RUS,315
SGAMY.PK,315
SMWK.PK,315
DOLL.OB,315
OART.PK,315
WGMI.OB,315
ADGF,316
ALDA,316
AGPDY.PK,316
AAMU.PK,316
ELY,316
CYBI,316
DAAT.OB,316
ESCA,316
HEDYY.PK,316
JOUT,316
NAXG.PK,316
NLS,316
POOL,316
RGR,316
WGLF.PK,316
TYM,317
FOSL,317
FUQI,317
GFME.OB,317
JADE,317
MOV,317
ORNG,317
PGIC,317
QRSM.PK,317
LVB,317
SMD,317
YAMCY.PK,317
AFPC.OB,318
BTN,318
CAJ,318
CHYR,318
LENS,318
EK,318
FUJI,318
IKNX,318
IMAX,318
NRVN,318
OCPNY.PK,318
XRIT,318
APP,320
BEBE,320
CHBD.OB,320
CRI,320
COLM,320
CRWS,320
DLA,320
DELTY.PK,320
EBHI,320
FOH,320
GIII,320
GIL,320
HAMP.PK,320
HBI,320
ISAC.PK,320
IDGI.PK,320
JCLY.PK,320
JLMC.PK,320
JOEZ,320
LIZ,320
LULU,320
MFB,320
NICH,320
OXM,320
PERY,320
PVH,320
RL,320
ZQK,320
SPOR,320
SGC,320
TALN.OB,320
TAGS,320
WRC,320
TMEG.OB,320
TRUA.PK,320
TRLG,320
UA,320
VFC,320
WACLY,320
ADDYY.PK,321
BSHI.OB,321
BWS,321
COH,321
CROX,321
DECK,321
FTAR.OB,321
HLYS,321
ICON,321
IWIHF.OB,321
KSWS,321
KCP,321
BOOT,321
MRINA.PK,321
NKE,321
PXG,321
DFZ,321
RCKY,321
SKX,321
SHOO,321
SNKI.PK,321
TBAC,321
TLF,321
TBL,321
VLCM,321
WEYS,321
WWW,321
SHLM,322
AEPI,322
ABL,322
AMTY,322
ATR,322
CSL,322
CTB,322
CMT,322
CTIB,322
DSWL,322
ENVK.OB,322
FORD,322
FFHL,322
GMTI.OB,322
GLGI.OB,322
MBLX,322
MYE,322
QUIX,322
ROG,322
SHLO,322
SWTX.OB,322
SEH,322
FHC,322
GT,322
TITT.OB,322
ACV,323
ASCBQ.PK,323
AVP,323
BARE,323
BTH,323
CAW,323
CL,323
RDEN,323
HLOI.OB,323
EROX.OB,323
HTEC.OB,323
IPAR,323
KAOCF.PK,323
KMB,323
LRLCY.PK,323
MIGA.PK,323
BHIP,323
NXRA.PK,323
PARL,323
FACE,323
REV,323
SLGD.OB,323
SSDOY.PK,323
SKVI.OB,323
EL,323
PG,323
TSC,323
TUYU.PK,323
UG,323
ABH,324
ARA,324
AVY,324
BZ,324
BKI,324
CSAR,324
CVO,324
UFS,324
AIP,324
IAX,324
IP,324
KAI,324
KPPC,324
MERC,324
NSHA,324
NP,324
TIS,324
GLT,324
PCH,324
RKT,324
SPP,324
SWM,324
SSCC,324
SON,324
TIN,324
VRS,324
VCP,324
WPP,324
BLL,325
BMS,325
BWY,325
CNST,325
CCK,325
GPK,325
GEF,325
GPOCY.PK,325
ITP,325
MWV,325
MPAC,325
NTIC,325
OI,325
PKG,325
PTV,325
RPMM.OB,325
SEE,325
SLGN,325
TUP,325
UFPT,325
VTO,325
CHD,326
DAR,326
EAUI.OB,326
ECL,326
NPDV.OB,326
OBCI,326
SCL,326
CLX,326
ZEP,326
ATX,327
ABD,327
ACU,327
ALGI.PK,327
CSOF.OB,327
EBF,327
FC,327
OMX,327
RESY.PK,327
SR,327
TFCO,327
CSBI.PK,330
CVR,330
DAI,330
F,330
FUJHY.PK,330
GM,330
HMC,330
NSANY,330
PSEPF.PK,330
PEUGY.PK,330
RNNM.PK,330
SORL,330
SZKMF.PK,330
TTM,330
TM,330
ZAAP.OB,330
VOLVY.PK,331
AURD.OB,331
BNSSA.PK,331
FSS,331
FRPT,331
HINOY.PK,331
ISUZF.PK,331
MREO.OB,331
NAV,331
OSK,331
PCAR,331
SPAR,331
STS,331
WNC,331
ACAT,332
COA,332
CNRD.PK,332
DWOSF.PK,332
FLE,332
FPB,332
HOG,332
JMIH.PK,332
MPX,332
MNC,332
PLHI.PK,332
PII,332
REXL.PK,332
SMBMF.PK,332
THO,332
NDVR.PK,332
WGO,332
AXL,333
ARGN,333
ARM,333
ALV,333
BWA,333
CAAS,333
CLC,333
CVGI,333
CSLR,333
CTTAY.PK,333
ATC,333
DAN,333
DPHIQ.PK,333
DNZOY.PK,333
DORM,333
ESWW.OB,333
FDML,333
FSYS,333
GETI,333
GNTX,333
HGMG.PK,333
HAYZ,333
JDSHF.PK,333
JCI,333
JELCY.PK,333
LEA,333
LIMAF.PK,333
MGA,333
MLR,333
MOD,333
MPAA,333
NOBL,333
OBTLY.OB,333
PLI,333
PFTI.OB,333
QTWW,333
RGUS.OB,333
SNSG.PK,333
SMP,333
SRI,333
STRT,333
SUP,333
AXLE.PK,333
TEN,333
TWI,333
TKS,333
TOVC.OB,333
TRW,333
VC,333
WBC,333
WEICF.PK,333
WCSTF.PK,333
WMCO,333
WSCI,333
AFCE,340
AHFP.OB,340
AMNF.PK,340
BGF,340
CVP,340
DMCUF.PK,340
FCTOA.OB,340
FPAFY.PK,340
GNCGF.PK,340
HNZ,340
IBCIQ.PK,340
KFT,340
LANC,340
NTRZ.OB,340
NMSCA.PK,340
SDXAY.PK,340
SOSCF.PK,340
TATYY.PK,340
VFPI.PK,340
GRO,341
ALCO,341
ADM,341
APCFF.PK,341
BG,341
CALM,341
CVGW,341
CQB,341
CHSCP,341
CRESY,341
FDP,341
SEED,341
PFACP,341
SZSN.OB,341
TKER.PK,341
ANDE,341
UNMG.PK,341
USFM.OB,341
AIPC,342
BABB.OB,342
CPB,342
CYXI.OB,342
JVA,342
CAG,342
CPO,342
FZN,342
DLM,342
DMND,342
DWIS.OB,342
FARM,342
FLO,342
FVRG.OB,342
GIS,342
GLDC,342
GMCR,342
GMK,342
JJSF,342
JMBA,342
JAVO.OB,342
JBSS,342
K,342
KTEC,342
LNCE,342
MLP,342
MKC,342
MGPI,342
PSTA,342
NWD,342
OME,342
OPCO.OB,342
OFI,342
PEET,342
PEP,342
RAH,342
FRZ,342
SLE,342
SENEA,342
STKL,342
TSTY,342
HAIN,342
SNAK,342
SJM,342
THS,342
UN,342
UL,342
FOOD,342
BCPC,343
BRID,343
ETLTQ.OB,343
HRL,343
IBA,343
JBSAY.PK,343
PFDHF.PK,343
PDA,343
SDA,343
SMGBY.PK,343
SAFM,343
SEB,343
SFD,343
TSN,343
VKSC.PK,343
ADY,344
DF,344
GXYF.OB,344
GDNNY.PK,344
LWAY,344
NSRGY.PK,344
NUVM.OB,344
TOF,344
WBD,344
YOCM.PK,344
CBY,345
CSGN,345
CZZ,345
ELAMF.PK,345
IPSU,345
PARF.OB,345
RMCF,345
SHDB.PK,345
HSY,345
TR,345
CBRAF.PK,346
ABV,346
HOOK,346
FMX,346
FBRWY.PK,346
FNEVF.PK,346
HINKY.PK,346
KNBWY.PK,346
MENB.OB,346
TAP,346
SBMRY.PK,346
TBVPF.PK,346
SAM,346
TSGTY.PK,346
ROX,347
CEDC,347
STZ,347
DEO,347
SVIN.PK,347
WVVI,347
AEND.PK,348
AVIT.OB,348
CCBEF.OB,348
COKE,348
CCE,348
KOF,348
CCH,348
COT,348
DPS,348
ELDO.OB,348
GWSV.PK,348
HANS,348
JSDA,348
LBIX,348
FIZZ,348
PAS,348
REED,348
SRPRF.PK,348
KO,348
PBG,348
UVBV.PK,348
MO,350
BTI,350
LO,350
PM,350
RAI,350
STSI,350
VGR,350
AOI,351
UVV,351
UST,351
ASFE.PK,410
ALMG.OB,410
AFBA.OB,410
ABKH.OB,410
ASBN.PK,410
BSPA.OB,410
BAC,410
BNCC.PK,410
BHRB.OB,410
CALW.OB,410
CM,410
CHKJ.OB,410
CNBA.PK,410
CIBH.PK,410
C,410
CZFS.OB,410
CBYAA.OB,410
ALBY.PK,410
CIBN.PK,410
CMNC.OB,410
CBNC.OB,410
CRZY.PK,410
DBCP.OB,410
ETFS.OB,410
EBDC.OB,410
FIRT.PK,410
FBCI.OB,410
FCCC.OB,410
FINN.PK,410
FNFI.OB,410
FOFC.OB,410
FMNTQ.PK,410
GLBP.OB,410
GTPS.OB,410
GAFC.PK,410
HCFB.OB,410
HFBA.PK,410
HCBC.PK,410
HLFN.OB,410
HBC,410
IBWC.PK,410
ILII.OB,410
JPM,410
KEY,410
KISB.PK,410
LFYC.PK,410
LXMO.PK,410
LYBC.OB,410
MFLR,410
MBNC.OB,410
MCBP.PK,410
MBCN.PK,410
MBVA.PK,410
MDNB.OB,410
MSBC.OB,410
NBOH.OB,410
NEFB.PK,410
OLCB,410
OSBI.OB,410
OFG,410
PFCF.OB,410
PBNI.PK,410
RGFC.PK,410
RCBC.PK,410
RY,410
SVBC.PK,410
SSFC.OB,410
SBNC.PK,410
SCBS.PK,410
SZBI.OB,410
SMAL.OB,410
STI,410
TCB,410
BK,410
BNS,410
PNC,410
TD,410
THVB.PK,410
TSOH.OB,410
UBOH,410
UFBC.OB,410
UNTN.OB,410
WHI,410
WB,410
WCFB.PK,410
WFC,410
FCEN.OB,411
FCOB.OB,411
FCCY,411
AVLY.OB,411
ALLB,411
ALNC,411
AMBK.OB,411
ASRV,411
ATLO,411
AROW,411
BARI,411
BHB,411
BCBP,411
BNCL,411
BERK,411
BNV,411
BPFH,411
BDGE,411
BRBW.OB,411
BMTC,411
CATC.OB,411
CAC,411
CNND.OB,411
CBTC.OB,411
CCFN.OB,411
CNBC,411
CEBK,411
CJBK,411
CXBT.OB,411
CNBKA,411
CIZN,411
CCNE,411
CVLY,411
CCBP,411
CMTV.OB,411
CBU,411
EMCF.OB,411
EVBN,411
EVGG.OB,411
FSBI,411
FDBC.OB,411
FCBS.OB,411
FCEC.OB,411
FCF,411
FKYS.OB,411
FKFS,411
FLFL.OB,411
FNCB.OB,411
FNRN.OB,411
FRAF.OB,411
FULT,411
HNBC,411
HARL,411
HWBK,411
HIFS,411
HBNC,411
HUVL.OB,411
IIBK.OB,411
INDB,411
IOFB.OB,411
JFBC,411
JUVF.OB,411
LBAI,411
LEGC,411
LBBB,411
LSBX,411
MTB,411
MGYR,411
MBTF,411
MBVT,411
MHBC.OB,411
MPB,411
NPBC,411
NBTB,411
NAL,411
NBN,411
NFBK,411
NWYF.OB,411
NWFL,411
OSHC,411
ORPB.OB,411
ORIT,411
ORRF.OB,411
PKBK,411
PNBK,411
PGC,411
COBH,411
PFBX,411
PFIS.OB,411
PTBS.OB,411
QNBC.OB,411
FRBK,411
RCKB,411
RBPAA,411
STBA,411
SERC.OB,411
SBNY,411
SMTB,411
SOMH,411
SEBC.OB,411
SSE,411
STBC,411
STT,411
STL,411
STBK,411
SSFN,411
SUBK,411
SNBC,411
SUSQ,411
SBBX,411
ESBK,411
FNLC,411
FLIC,411
GIW,411
TMP,411
TOBC.OB,411
TRST,411
UNB,411
UNNF.OB,411
UNTY,411
UVSP,411
VLY,411
VIST,411
VSBN,411
WAIN,411
WASH,411
WBS,411
WFD,411
ANCX,412
ABVA,412
ACBA,412
AMNB,412
ABCB,412
ANNB,412
BOFL,412
GRAN,412
BOMK,412
BKSC,412
BCAR,412
BOJF.OB,412
BOVA,412
BAYN,412
BBT,412
BNCN,412
CFFI,412
TYCB.OB,412
CAPE,412
CBKN,412
CCBG,412
CDBK.OB,412
CLBH,412
CART,412
CRRB,412
CVBK,412
CHFN.OB,412
CZNC,412
CZBS.OB,412
CIWV.OB,412
CHCO,412
CBCO.OB,412
CBAN,412
CMFB,412
CPBK,412
CFFC,412
COOP,412
CTOT.OB,412
CRFN,412
EGBN,412
ECBE,412
FMBM.OB,412
LION,412
FISI,412
FBNC,412
SUFB,412
FCBN.OB,412
FCNCA,412
FCBC,412
FCFL,412
FMAR,412
FNSC,412
FXNC.OB,412
NCFT.OB,412
FUNC,412
FWV,412
FNBN,412
GBTS,412
GABA.OB,412
GLBZ,412
HABC,412
HMPR,412
HBSI.OB,412
HBKA.OB,412
IDBC.OB,412
IFSB,412
JAXB,412
LCNB.OB,412
MREE.OB,412
MCFI.OB,412
MBRG,412
MNRK,412
MROE,412
NKSH,412
NCBC,412
NBBC,412
NSBC.OB,412
BKOR,412
OLBK,412
OPOF,412
OPHC,412
PABK,412
PWOD,412
PEBK,412
PBCE.OB,412
PPBN.OB,412
PNBI.OB,412
PBKS,412
SASR,412
SCBT,412
SBCF,412
SVBI,412
SHBI,412
SBFC.OB,412
SCMF,412
SFST,412
SONA,412
SBSI,412
SGB,412
STEL,412
SMMF,412
SAMB,412
SRYB.OB,412
SNV,412
TBBK,412
SAVB,412
TSFG,412
TIBB,412
TDBK,412
TOWN,412
UBSH,412
UBSI,412
UCBI,412
UWHR.OB,412
VBFC,412
VCBI,412
WBNK,412
WSBC,412
WFSC.OB,412
WGNB,412
WL,412
WSFS,412
YAVY,412
APAB,413
ACFC,413
AUBN,413
BXS,413
BTFG,413
OZRK,413
BFNB,413
BKBK,413
CADE,413
CAPB,413
CFNL,413
CSFL,413
CZFC,413
CFOK.OB,413
CTBI,413
CSBQ.OB,413
CSNT,413
EVBS,413
FNB,413
FFKT,413
FBSS,413
FFKY,413
FHN,413
FMFC,413
FOFN.OB,413
FPBI,413
GRNB,413
HBHC,413
HBKS.OB,413
HBOS,413
IBKC,413
MSL,413
NBTF,413
NXTY,413
PFNS.OB,413
PCLB.OB,413
PNFP,413
PBIB,413
PFBI,413
RF,413
RNST,413
RBCAA,413
SYBT,413
SBKC,413
SFNC,413
SOCB,413
SUPR,413
TNCC,413
CNB,413
FBMS,413
TRMK,413
USBI,413
WTNY,413
SRCE,414
AJSB.OB,414
AMFI,414
ACBP.OB,414
ASBC,414
BYLK.OB,414
CBC,414
CITZ,414
CHFC,414
CHEV,414
COFS.OB,414
CRBC,414
CNBZ.OB,414
CMA,414
CMOH.OB,414
CNAF,414
CLDB.OB,414
CORS,414
CHBH.OB,414
CSBB.OB,414
DCBF.OB,414
DEAR,414
FMNB.OB,414
FETM.OB,414
FITB,414
BUSE,414
FBIZ,414
FFNM,414
FFBC,414
THFF,414
FRME,414
FMBH.OB,414
FMBI,414
FPFC,414
FBMI,414
FMER,414
FNHM.OB,414
GABC,414
HCFL.OB,414
HBAN,414
IBCP,414
IBNK,414
IFC,414
KLIB.OB,414
LKFN,414
LNBB,414
MCBC,414
MSFG,414
MI,414
MBFI,414
MBR,414
MBWM,414
MSVB.OB,414
MWFS.OB,414
MBHI,414
MCBF,414
MFSF,414
NCC,414
NSBK.OB,414
NSFC,414
NTRS,414
OKFC.OB,414
OVBC,414
ONB,414
OSBC,414
OXBC.OB,414
PRK,414
PEBO,414
PCBI,414
PNBC,414
PVTB,414
SOMC.OB,414
STBI.OB,414
TAYC,414
TFSL,414
TOFC,414
USB,414
UBCP,414
UBMI.OB,414
UNIB,414
WTFC,414
ACNB.OB,415
BANF,415
BOKF,415
CASS,415
COBZ,415
CBSH,415
CSHB,415
CFR,415
EBTX,415
EFSC,415
FCCO,415
FFSX,415
FFIN,415
FSNM,415
GSBC,415
GFED,415
GFG,415
HTLF,415
IBOC,415
LARK,415
LBCP,415
MFNC,415
MCBI,415
MOFG,415
NODB.OB,415
PRSP,415
QCRH,415
SBIB,415
TFIN,415
TCBI,415
TONE,415
UMBF,415
VNBC,415
WTBA,415
AANB,416
ABNS.OB,416
AMBZ.OB,416
AMRB,416
AWBC,416
BBBK.OB,416
BOCH,416
BOH,416
BMRC,416
BEOB.OB,416
BHBC,416
BVBC.OB,416
BBNK,416
CFNB,416
CCOW,416
CACB,416
CASB,416
CATY,416
CPF,416
CVCY,416
CHMG.OB,416
CYN,416
CTBK,416
CTBP.OB,416
CBBO,416
CBON,416
CCBD,416
CVLL,416
CWBC,416
CWLZ,416
CVBF,416
DNBF.OB,416
EBMT.OB,416
EWBC,416
EXSR.OB,416
FCAL,416
FCZA,416
FPTB,416
FRGB,416
FNBG.OB,416
FTBK,416
GBCI,416
GSCB.OB,416
HAFC,416
HTBK,416
HFWA,416
HEOP,416
MFBP.OB,416
MISS.OB,416
NARA,416
NCAL.OB,416
NOVB,416
NRIM,416
NBCT.OB,416
PCBC,416
PCBK,416
PFLC.OB,416
PMBC,416
PPBI,416
PSBC,416
PACW,416
PLBC,416
PFBC,416
PRWT,416
RPFG,416
RBNF,416
SAEB.OB,416
SLBA.OB,416
BSRR,416
SBNK.OB,416
SIVB,416
TAMB,416
TMCV,416
TBHS,416
TCFC.OB,416
TCBK,416
UCBH,416
UMPQ,416
UBFO,416
WBCO,416
WCBO,416
WABC,416
WSFG,416
ZION,416
AIB,417
ITU,417
BLX,417
STD,417
SAN,417
BMO,417
BCS,417
BAP,417
CS,417
DB,417
GGAL,417
IBN,417
LYG,417
MTU,417
MFG,417
NBG,417
SBP,417
UBS,417
UBB,417
WBK,417
AAALF.PK,418
ALBKY.PK,418
ANZBY.PK,418
BBV,418
BBD,418
BCH,418
BMA,418
CIB,418
BKKPF.PK,418
IRE,418
BPHLF.PK,418
BBHLF.PK,418
BFR,418
BNKHF.PK,418
CBWBF.PK,418
CRZBY.PK,418
CBAUF.PK,418
CBIN,418
BCA,418
DNSKY.PK,418
DNBHF.PK,418
ESFHF.PK,418
EUBK,418
FBP,418
FBAK.OB,418
HSNGY.PK,418
HDB,418
KB,418
NABZY.PK,418
NTIOF.PK,418
NHRKF.PK,418
BPIRF.PK,418
BPOP,418
SHG,418
SCGLY.PK,418
SCBFF.PK,418
SWDBY.PK,418
TKGBY.PK,418
BKEAY.PK,418
RBS,418
UNCFF.PK,418
UOVEY.PK,418
WF,418
ABBC,419
ACCFF.PK,419
AKPB.OB,419
AMFC.OB,419
ASBI,419
ABNJ,419
ABCW,419
AF,419
ATBC,419
BKMU,419
BBX,419
BFIN,419
BKUNA,419
BANR,419
BCSB,419
BFBC,419
BHLB,419
BHWB.OB,419
BRBI.OB,419
BOFI,419
BYFC,419
BRKL,419
BFSB,419
CAFI,419
CFFN,419
CARV,419
CCFH,419
CECB.OB,419
CLFC,419
CFBK,419
CTZN,419
CSBC,419
CKFB.OB,419
CKFC.OB,419
CSBK,419
COLB,419
CBKM.OB,419
DCOM,419
EBTC,419
ESBF,419
EKFC.OB,419
FFCO,419
FFDF,419
FFWC.OB,419
FBPI.OB,419
FBSI,419
FCAP,419
FCLF,419
FDEF,419
FFBH,419
FFCH,419
FFHS,419
FFSL.OB,419
FIFS.PK,419
FNFG,419
FRFC.OB,419
FSGI,419
FSBK,419
FSBS.OB,419
FED,419
FBC,419
FLTB.OB,419
FFIC,419
FXCB,419
GRRB.OB,419
GCBC,419
GSLA,419
GBNK,419
HWFG,419
HFFC,419
HMNF,419
HESV.PK,419
HOME,419
HWEN.OB,419
HFBC,419
HRZB,419
HCBK,419
INCB,419
ISBC,419
JXSB,419
JFBI,419
KFED,419
KRNY,419
KFFB,419
KSBI.OB,419
LSBK,419
LNCB,419
LOGN.OB,419
LSBI,419
MLVF,419
CASH,419
MCPH.OB,419
MMAB.PK,419
NASB,419
NVSL,419
NEBS,419
NHTB,419
NYB,419
NISGY.PK,419
FFFD,419
NIDB.OB,419
NWSB,419
NWIN.OB,419
OCFC,419
OCN,419
OFSI.PK,419
ONFC,419
PBCI,419
PFED,419
PVSA,419
PATD.OB,419
PBHC,419
PBCT,419
PFFBQ.OB,419
PCBS,419
PROV,419
PFS,419
PBNY,419
PBIP,419
PSBH,419
PULB,419
PVFC,419
QCCO,419
RIVR,419
RVSB,419
ROMA,419
ROME,419
SAL,419
SFDL.OB,419
SIFI,419
SMBC,419
OKSB,419
SOV,419
STSA,419
TSH,419
THRD,419
BKYF,419
SRNN.OB,419
TSBK,419
TREE,419
UCFC,419
VYFC,419
WAKE.OB,419
WFSL,419
WSBF,419
WAYN,419
WEFN.PK,419
WEFP.OB,419
WIBC,419
WSB,419
WVFC,419
XPOI.PK,419
ABWG.PK,420
AMPL,420
BGCP,420
COWN,420
DSECY.PK,420
DMCD.PK,420
ETFC,420
FCSX,420
IBKR,420
JMP,420
KBW,420
LTS,420
MKTX,420
MER,420
MF,420
NMR,420
OXPS,420
QCC,420
RODM,420
SEIC,420
AMTD,420
TEJS.PK,420
TNFG.OB,420
SCHW,420
SWIM,420
TWPG,420
TRAD,420
VIELF.PK,420
BLK,421
BPSG,421
DHIL,421
FMFK.OB,421
FBR,421
GBL,421
GFIG,421
GHL,421
ITG,421
JEF,421
JLI,421
KENT,421
NITE,421
LAB,421
LM,421
NHLD.OB,421
OPY,421
PLCC,421
RJF,421
SIEB,421
SF,421
SWS,421
WDR,421
WSFL.OB,421
AMG,422
AB,422
AMP,422
BAM,422
CLMS,422
CNS,422
CMSQY.PK,422
EV,422
EPHC,422
EVR,422
FBCM,422
FII,422
FCFC,422
FIG,422
BEN,422
JAHI.PK,422
IAAC,422
ITPC.PK,422
IVZ,422
JNS,422
LAZ,422
MERR,422
MORN,422
OZM,422
PNSN,422
PJC,422
PFG,422
PZN,422
REXI,422
RMG,422
SMHG,422
TROW,422
BX,422
GROW,422
VALU,422
WPL,422
WHG,422
WNMLA.PK,422
WSDT.PK,422
WQNI.PK,422
PVD,423
AAV,423
AMTC,423
ASDS.PK,423
AUCAF.OB,423
BKLYY.PK,423
BFF,423
BKFG.PK,423
BLSH.PK,423
BBDC.PK,423
CTCC.PK,423
CME,423
CLXS.OB,423
COBK,423
CWBS,423
BTC,423
CODI,423
CSLMF.PK,423
CVA,423
CRT,423
CNVT.PK,423
DOM,423
DMLP,423
NGT,423
ECMH.PK,423
ECGI,423
EUOT.PK,423
EVIS.PK,423
FCVA,423
FSTF,423
FFI,423
GAIMF.OB,423
GFN,423
GSL,423
HOMB,423
HGT,423
ICGP.OB,423
IBDI.PK,423
ICH,423
IVOI.OB,423
KPELY.PK,423
LPHI,423
LRT,423
LUMCQ.PK,423
LXRRF.PK,423
MARPS,423
MSB,423
MS,423
MVTS.PK,423
NCEH.OB,423
NEWT,423
NEXC,423
NRT,423
TONS,423
NYX,423
ORYX.PK,423
PWE,423
PBT,423
PVX,423
SIVC.PK,423
SBR,423
SFE,423
SJT,423
SFEF.OB,423
SCIXF.OB,423
SSTR,423
OOO,423
TELOZ,423
TPL,423
BBFSF.PK,423
GS,423
NDAQ,423
ZGCO.PK,423
TMTPE.OB,423
TISG.PK,423
TRBD.OB,423
UBNK,423
UWBK,423
VYTC.OB,423
WAL,423
WTU,423
ZAP,423
ACJJF.PK,424
AEA,424
ADVNA,424
ADS,424
AXP,424
ACF,424
ARWD.OB,424
AACC,424
COF,424
CSE,424
CSH,424
CIT,424
CCRT,424
CPSS,424
CACC,424
DFS,424
DLLR,424
ECPG,424
EFX,424
EZPW,424
AGM,424
FIF,424
FCFS,424
GCA,424
INTX,424
IBCA,424
SFI,424
LOAN,424
TAXI,424
MFI,424
MCO,424
UNCL,424
NNI,424
NEWS,424
NICK,424
IX,424
PHH,424
PRS,424
SLM,424
FMD,424
STU,424
RVR,424
WRLD,424
ADX,425
ALD,425
ACAS,425
AINV,425
GLAD,425
HTGC,425
MCGC,425
MVC,425
PCAP,425
TICC,425
WSCC,425
CSWC,426
DIA,426
TINY,426
MACC,426
NGPC,426
PEO,426
PSEC,426
RAND,426
SPY,426
TYY,426
AEG,430
AZ,430
AEL,430
ANAT,430
AGO,430
AAME,430
AXA,430
LFC,430
CIA,430
DFG,430
FFG,430
FAC,430
GNW,430
GEHDF.PK,430
IHC,430
ING,430
NSUR,430
IPCR,430
KCLI,430
KINV.OB,430
LGGNY.PK,430
LNC,430
MFC,430
MET,430
NWLI,430
NFS,430
ODMTY.PK,430
PLFE,430
PL,430
PRU,430
PUK,430
RGA,430
SLF,430
TMK,430
UGFSF.PK,430
UTGN.OB,430
AFL,431
AMIC,431
AOC,431
AIZ,431
CNO,431
EIHI,431
FPIC,431
PICO,431
SFG,431
GTS,431
UNM,431
TCHC,432
ACE,432
AFFM,432
Y,432
AWH,432
AFG,432
AIG,432
ACAP,432
AMPH,432
ASI,432
AMSF,432
ACGL,432
AGII,432
AHL,432
ASAM.OB,432
AXS,432
BWINB,432
BCIS.OB,432
CPHL,432
CINF,432
CNA,432
CRMH,432
DGICA,432
EMCI,432
EIG,432
ENH,432
ESGR,432
ERIE,432
RE,432
FFH,432
FMR,432
FSR,432
GAN,432
GLRE,432
HALL,432
HGIC,432
HCC,432
HTH,432
HCII,432
HMN,432
IPCC,432
KFS,432
L,432
MKL,432
MXGL,432
MIG,432
MIGP,432
MCY,432
MTSQY.PK,432
MRH,432
NATL,432
NYM,432
ORH,432
OB,432
PRE,432
PTP,432
PMACA,432
PRA,432
RNR,432
RLI,432
SAFT,432
SIGI,432
SUAI,432
STFC,432
ALL,432
CB,432
THG,432
HIG,432
NSEC,432
NAVG,432
PNX,432
PGR,432
TRV,432
TWGP,432
TRH,432
UNAM,432
INDM,432
UFCS,432
UTR,432
VR,432
WRB,432
WTM,432
XL,432
ZNT,432
ACAH.PK,433
ACMT.PK,433
ABK,433
SUR,433
FNF,433
ITIC,433
MBI,433
MTG,433
ORI,433
RDN,433
RAMR,433
STC,433
SCA,433
FAF,433
PMI,433
TGIC,433
AFSI,434
ANNRF.PK,434
ACKBF.PK,434
AJG,434
BXLC.PK,434
BXXXQ.PK,434
BRO,434
CHSI,434
CISG,434
CRVL,434
DCAP,434
EHTH,434
ESREF.PK,434
FMNLF.OB,434
HVLL.PK,434
MBAH.PK,434
MHLD,434
MMC,434
NFP,434
NPPKF.PK,434
SCRYY.PK,434
SKRRF.PK,434
SWCEY.PK,434
UAHC,434
WLKF.PK,434
WSH,434
AHR,440
ABR,440
BDN,440
CAA,440
CUZ,440
DEI,440
DRE,440
ECRO.PK,440
FPO,440
FRCCO,440
FSP,440
GTY,440
HPCCP,440
NNN,440
NCT,440
ORGN.PK,440
PW,440
PCL,440
RYN,440
TISM.PK,440
UMH,440
WBSTP,440
FUR,440
BXP,441
LSE,441
OFC,441
KRC,441
LRY,441
MPG,441
PKY,441
CSA,442
HCP,442
HCN,442
HR,442
LTC,442
MPW,442
NHI,442
NHP,442
OHI,442
UHT,442
VTR,442
AHT,443
DRH,443
FCH,443
HST,443
IHT,443
LHO,443
MDH,443
BEE,443
SHO,443
SPPR,443
ARE,444
AMB,444
BMR,444
DCT,444
DLR,444
EGP,444
EXR,444
FR,444
JDOG.OB,444
PCC,444
PLD,444
PSA,444
SSS,444
YSI,444
ACC,445
AGNC,445
ANL,445
AIV,445
AEC,445
AVB,445
BRE,445
CPT,445
CLP,445
EDR,445
ELS,445
EQR,445
ESS,445
HME,445
MRTI.PK,445
MAA,445
SNH,445
SUI,445
UDR,445
AQQ,446
AMY,446
CBL,446
CDR,446
DDR,446
EPR,446
EQY,446
FRT,446
FMLP.PK,446
GGP,446
GRT,446
HT,446
HIW,446
HMG,446
HPT,446
HRP,446
IRC,446
IRET,446
JRT,446
KIM,446
KRG,446
LXP,446
CLI,446
MSW,446
MNRTA,446
NRF,446
NLP,446
OLP,446
PEI,446
PPS,446
PSB,446
RPT,446
O,446
REG,446
RSO,446
RPI,446
BFS,446
SPG,446
SLG,446
SKT,446
TCO,446
MAC,446
TCI,446
UBA,446
VNO,446
WRE,446
WRI,446
AFN,447
NLY,447
ANH,447
BMNM.OB,447
BRT,447
CMO,447
CRE,447
DFR,447
DRL,447
DVLN.OB,447
DX,447
FRE,447
FNM,447
FCMC.PK,447
GNVN.PK,447
HCM,447
HTS,447
HF,447
IOT,447
IDMCQ.PK,447
MBIF.PK,447
MFA,447
NYMT,447
RWT,447
SNFCA,447
SHSNQ.PK,447
TMFZ.PK,447
UPFC,447
AKR,448
ADC,448
ALX,448
ARL,448
BPO,448
COWP.OB,448
CT,448
CBG,448
CIM,448
CXW,448
HXM,448
DFT,448
EJ,448
EGXP.OB,448
EMITF,448
FSRV,448
FOR,448
GOOD,448
GKK,448
GBE,448
GYRO,448
HOFD.OB,448
IEP,448
MAYS,448
JLL,448
KFN,448
LOOP,448
MMPI,448
MIM,448
NEN,448
PCE,448
PRLE.OB,448
RAS,448
SVLF,448
SINPY.PK,448
TRC,448
INTG,448
WPC,448
WOC,448
APO,449
AXR,449
BXG,449
BRER.PK,449
CALC,449
CHEUY.PK,449
CRBJF.PK,449
CVKEF.PK,449
CTYYF.PK,449
CTO,449
DHCC.OB,449
FCNR.OB,449
FHRT.PK,449
HNLGF.PK,449
HLPPY.PK,449
HOOB.PK,449
HGPI.PK,449
ITDD.PK,449
IRS,449
KWIC.PK,449
KPPLF.PK,449
MGRY.PK,449
NDVLY.PK,449
OKRG.OB,449
OMGV.PK,449
PPYH.PK,449
PRSI.OB,449
SHTGY.PK,449
SOSR.PK,449
SWHI.PK,449
STRS,449
SUHJY.PK,449
SVSA.OB,449
SWRAY.PK,449
JOE,449
TPGI,449
VVCNF.PK,449
ZIPR,449
APPA,510
ABT,510
ACET,510
AZN,510
ARGA.PK,510
AVGN,510
BAYRY.PK,510
SHRGY.PK,510
BLUS.PK,510
BIOHF.OB,510
BMY,510
CLSP.OB,510
CLSC.PK,510
CPEX,510
DRUG.OB,510
LLY,510
EVTC,510
GSAC.PK,510
GNPH.OB,510
GORX,510
GSK,510
IYXI.PK,510
JNJ,510
KNTH.PK,510
KERX,510
MCUJ.PK,510
MRPI.PK,510
MRK,510
BUF,510
NNBP.PK,510
NVS,510
NVGN,510
OSCI,510
PFE,510
POLXF.OB,510
PVCT.OB,510
QMDT.OB,510
RIGL,510
RHHBY.PK,510
SNY,510
SGP,510
SWTZF.PK,510
SHPGY,510
SPPI,510
TPPH.PK,510
WEDXF.PK,510
VHSL.OB,510
VOQP.PK,510
WX,510
WYE,510
ACCP.OB,511
ACUS,511
ADLR,511
ADVB.OB,511
ADVR.OB,511
AOLS.OB,511
ALXN,511
ALXA,511
AGN,511
ALTH,511
AMRN,511
ARNA,511
ARQL,511
ARYX,511
AVNR,511
AVII,511
BIOD,511
CRME,511
CEPH,511
CHTT,511
COR,511
CBST,511
DSII.OB,511
DEPO,511
DOVP.OB,511
RDY,511
DRRX,511
DUSA,511
DVAX,511
ELI,511
ENDP,511
FRX,511
GENT,511
GERN,511
ISPH,511
ISIS,511
KNDL,511
KG,511
LCI,511
LCAR.OB,511
LGND,511
MAPP,511
MSHL,511
MBRK,511
NRGN,511
NGSX,511
NEXM,511
NTMD,511
NBY,511
NVO,511
OPK,511
OREX,511
OXIS.OB,511
PTIE,511
PCYC,511
VRUS,511
PXSL,511
POZN,511
PRAN,511
PRTX.OB,511
RGN,511
RELV,511
SNTS,511
SCLN,511
SEPR,511
SIGA,511
SCR,511
SOMX,511
SCMP,511
SUPG,511
SYI,511
TELK,511
TEVA,511
MDCO,511
UGNE.OB,511
UTHR,511
VRX,511
VXGN.OB,511
VRTX,511
WCRX,511
YMI,511
CPD,512
CPRX,512
HLCS,512
HITK,512
IPAH.PK,512
ILE,512
MYL,512
PRX,512
PRW,512
SRLS,512
TAROF.PK,512
WPI,512
ACUR,513
ALKS,513
ALRX.OB,513
ARDM.OB,513
BVF,513
CLGY.OB,513
CBRX,513
DCTH,513
ELN,513
EMIS,513
FLML,513
GNBT,513
HSP,513
ISV,513
MACM.OB,513
MTXX,513
NKTR,513
NVD,513
NOVN,513
PPCO,513
PETS,513
SYMBA.OB,513
QGLY,513
APPI.PK,514
AXRX.OB,514
AUXL,514
AXMP.PK,514
BAYW.OB,514
CCCFF.OB,514
CDSG.PK,514
KUN,514
FMTI,514
GFRP.OB,514
IGNE.PK,514
INBP,514
DDSS,514
LQWC.OB,514
LSNU.PK,514
MTEX,514
MLAR.PK,514
NRDCQ.PK,514
NAII,514
NATR.PK,514
NTY,514
NUXP.OB,514
NUTR,514
PHLI.OB,514
PLWY.PK,514
PRGO,514
PBH,514
PCYN.OB,514
RBCL.OB,514
SLXP,514
WNI,514
EFLI.PK,514
TBV,514
USNA,514
WWDH.PK,514
BZI,514
SSRX,515
AEZS,515
ASTM,515
ABII,515
ACAD,515
ABPIQ.PK,515
ACHN,515
ACOR,515
ADH,515
ACTC.PK,515
ADLS,515
APTCF.PK,515
ANX,515
AFFY,515
ACEL,515
ALNY,515
ALSE,515
ALTU,515
AMAR.OB,515
AOB,515
AMGN,515
FOLD,515
AMLN,515
ANDS,515
ANSV,515
ANIK,515
AGEN,515
ARIA,515
ARKTF.PK,515
ASIT.OB,515
ASTR.PK,515
AGIXQ.PK,515
AIMM.OB,515
AVXT.OB,515
AVXAF.PK,515
BCRX,515
BDSI,515
BIIB,515
BHRT,515
BMRN,515
BPUR,515
BPAX,515
BSTC.OB,515
BORPF.PK,515
BTIM.OB,515
CADX,515
KDUS.OB,515
CBM,515
CAPS,515
CVBT.OB,515
CVM,515
CELG,515
CEGE,515
CTIC,515
CGXP.OB,515
CERS,515
CSBR.OB,515
CRL,515
CXSP,515
CHKT.OB,515
CLDA,515
CBMX,515
CRXX,515
CGEN,515
CORT,515
CRTX,515
CGRB,515
CRXL,515
CRGN,515
CRIS,515
CVTX,515
CYCC,515
CYPB,515
CYTK,515
CYTX,515
CYTR,515
DARA,515
DGEN.PK,515
DNDN,515
DSCO,515
DNAG.PK,515
DORB.OB,515
DYAX,515
EBS,515
ENMD,515
ENZN,515
EPIX,515
EURX,515
EXAS,515
EXEL,515
FACT,515
FVRL.OB,515
FORBQ.OB,515
GENR,515
DNA,515
GTOP.PK,515
GNTA.OB,515
GNVC,515
GENZ,515
GILD,515
GPCB,515
GTCB,515
GTXI,515
HALO,515
HNAB,515
HLUN.PK,515
HEB,515
HBRM.OB,515
HSKA,515
HEPH,515
IDIX,515
IDRA,515
IDMI,515
IG,515
ILMN,515
IMM,515
IMGN,515
INCY,515
IDEV,515
INHX,515
INSM,515
ITMN,515
INGNQ.PK,515
JAZZ,515
LJPC,515
LXRX,515
LIFE,515
MHAN.OB,515
MNKD,515
MATK,515
MRNA,515
MEDX,515
MRX,515
MDGEF.PK,515
MDVN,515
MEMY,515
MBRX,515
MIIS.PK,515
MITI,515
MGIFF.PK,515
MIPI,515
MNTA,515
MYMX.OB,515
NABI,515
NGEN,515
NEOL,515
NTEC,515
NTII,515
NBIX,515
BBAL.OB,515
NFLD,515
NWBO.OB,515
NVBG.PK,515
NOVC,515
NVAX,515
NPSP,515
NXXI,515
NUVO,515
OMPI,515
ONCY,515
ONTY,515
ONXX,515
OPTR,515
CAPS,515
OSIP,515
OSIR,515
OXGN,515
PANC,515
PDLI,515
PPHM,515
PARS,515
PARD,515
PGLA,515
PGNX,515
PLX,515
PPMD.PK,515
QGEN,515
QLTI,515
QCOR,515
REGN,515
RDYN,515
RGEN,515
RPRX,515
RXII,515
SPHC.OB,515
SGMO,515
SVNT,515
SGEN,515
SNT,515
SQNM,515
SVA,515
SLXCF.OB,515
STEM,515
SNSS,515
TPIM.OB,515
TRGT,515
TARG,515
TGEN,515
TECH,515
THRX,515
THLD,515
TIKRF.OB,515
TCM,515
TTHI,515
TRMS,515
TRBN,515
URGP.OB,515
VNDA,515
VNLSY.PK,515
VIAP,515
VICL,515
VION.OB,515
VPHM,515
XKEMQ.PK,515
XNPT,515
XOMA,515
XTLB,515
ZIOP,515
ZGEN,515
ABAX,516
AKRX,516
ALLP.OB,516
AMAG,516
ABMC,516
APPY,516
AVRX,516
CBMC.OB,516
CLDX,516
CONX.OB,516
GNLB,516
HMGN.OB,516
HGSI,516
ICGN,516
IDXX,516
IMRX.OB,516
ICRP.PK,516
BLUD,516
IMMU,516
INFI,516
ILI,516
ISTA,516
ICCC,516
VIVO,516
MGRM,516
MYGN,516
NAWL.OB,516
NEOG,516
NYMX,516
OGXI,516
ORCH,516
ORXE,516
PTN,516
PBIO,516
QDEL,516
RMDX.OB,516
RGDX,516
ROSG,516
DDD,516
SSUR.PK,516
SRDX,516
SYNB.PK,516
SYVC.OB,516
SNTA,516
TPTX,516
TRIB,516
ZMTX.PK,516
ABMD,520
ANTX.OB,520
EYE,520
ACL,520
ATEC,520
ADL,520
ADLI.OB,520
ANGN,520
ANGO,520
AIS,520
ATCS.OB,520
ATRC,520
ATRI,520
BAX,520
BDX,520
BJCT.OB,520
BLTI,520
BMRA.OB,520
BMTI,520
BIPH.OB,520
BSMD,520
BTEL.OB,520
BSX,520
BVX,520
BSML.OB,520
BCR,520
CMN,520
CSCX,520
CRDC,520
BEAT,520
CASM,520
CMED,520
CLXN.OB,520
CPTS,520
COV,520
DXR,520
XRAY,520
DSCI.OB,520
DXCM,520
MELA,520
ECIA.OB,520
ELGX,520
EVVV,520
HAE,520
HRC,520
HDIX,520
HDII.OB,520
IFLO,520
ICUI,520
IMX,520
INO,520
PODD,520
IART,520
IVD,520
KNSY,520
LMAT,520
LWLL.OB,520
LMNX,520
MMSI,520
MLAB,520
MLSS.OB,520
MR,520
MCET.OB,520
NSPH,520
NEP,520
NURO,520
NMTI,520
NCST,520
NUVA,520
OCCX,520
OCLS,520
OISI.OB,520
OSUR,520
VITA,520
OSTE,520
PKI,520
PMII,520
PDEX,520
REPR.OB,520
RVP,520
ROCM,520
SFES.OB,520
SENO,520
SVSO.OB,520
SEYE.OB,520
SONO,520
STEN,520
SDIX,520
SYK,520
ACGI.OB,520
ARTL,520
COO,520
THOR,520
TSON,520
UPI,520
UTMD,520
VASC,520
VSGN,520
VVUS,520
VYTR.OB,520
WST,520
XTNT,520
YDNT,520
ZILA,520
ARAY,521
ALGN,521
AHPI,521
APNO.OB,521
APT,521
AMAC,521
AMMD,521
AHCKF.PK,521
ANPI,521
HRT,521
ARTC,521
ASPM,521
ATSI,521
BCRA.OB,521
BZEC.OB,521
BFRM,521
BLFS.OB,521
BSYN.PK,521
BSDM,521
CAMH.OB,521
CLZR,521
CADM.OB,521
CDIC,521
CGCP.PK,521
CTE,521
CLSN,521
CHIO,521
COIB.PK,521
CNMD,521
CRY,521
CRTCF.OB,521
CUTR,521
CYKN.PK,521
CYBX,521
CYNO,521
DSCP,521
DGTC.OB,521
DIAC.OB,521
DYXC.PK,521
DRAD,521
DYNT,521
ECTE.OB,521
EDAP,521
EW,521
EMFP.PK,521
ENDO,521
ETRM,521
ESMC,521
EXAC,521
FONR,521
GIVN,521
GB,521
GTHP.PK,521
HNSN,521
HTRN,521
HOLX,521
IMDS.OB,521
ISSM.PK,521
ISRG,521
IVC,521
IRIX,521
IVVI,521
KCI,521
LAKE,521
GAIT,521
LECT.OB,521
LPTI.PK,521
MAKO,521
MAMM.OB,521
MASI,521
MDCI,521
MDLH.PK,521
MDT,521
MNT,521
MEND,521
MSA,521
MSON,521
BABY,521
NEOP.OB,521
NIMU.OB,521
NASM,521
NSTR,521
NXTM,521
OFIX,521
OMRX.PK,521
PMTI,521
PSTX.OB,521
PHMD,521
PBPH.PK,521
PLC,521
POSC.OB,521
PYNGF.PK,521
RFCS.PK,521
RMD,521
RMTI,521
RTIX,521
SGBI.PK,521
SKML.PK,521
SHMR,521
SIRO,521
SNN,521
SMTS,521
SNCI,521
SPAN,521
STRC,521
STJ,521
STXS,521
STE,521
SUTU.OB,521
SMA,521
SURG,521
ELOS,521
SYNO,521
SYMD.OB,521
TZMT.PK,521
SPNC,521
TGX,521
THRM,521
KOOL,521
TOMO,521
TMED.OB,521
UNVC.PK,521
ULGX,521
VAR,521
VSMD.PK,521
VASO.OB,521
VSCI,521
VNUS,521
VOLC,521
WHRT,521
WMGI,521
XCR,521
ZMH,521
ZOLL,521
AET,522
AGP,522
CNC,522
CI,522
CVH,522
HNT,522
HS,522
HUM,522
MGLN,522
MDF,522
MOH,522
UNH,522
UAM,522
WCG,522
WLP,522
ADK,523
AVCA,523
ALC,523
BKD,523
CSU,523
ESC,523
FVE,523
KND,523
NHC,523
ODSY,523
DISS.PK,523
SKH,523
SUNH,523
SRZ,523
ENSG,523
AMSG,524
CYH,524
DYII,524
HMA,524
LPNT,524
MDTH,524
RHB,524
SSY,524
THC,524
UHS,524
AIQ,525
ARRY,525
BITI,525
BRLI,525
CYGX.OB,525
ENZ,525
ERES,525
GNLK.OB,525
GHDX,525
GXDX,525
LH,525
MSBT.OB,525
MTOX,525
MMTC.OB,525
NADX,525
NGNM.OB,525
PBME.OB,525
PPDI,525
PPTI.OB,525
PMD,525
DGX,525
RDNT,525
SPEX,525
AHCI,526
AFAM,526
AMED,526
AHOM.OB,526
KAD,526
CHE,526
DPAT.OB,526
GTIV,526
LHCG,526
LNCR,526
PHC,526
ROHI.OB,526
AMHI.PK,527
INMD,527
LCAV,527
MDER.OB,527
MRDH.PK,527
PZZ,527
TRCR,527
UMCN.PK,527
ALLI,528
ASGR,528
AMS,528
BNYN.PK,528
BIOS,528
CGDE.OB,528
CHCR.OB,528
CNU,528
CCEL.OB,528
DVA,528
DCAI,528
FMS,528
HGR,528
HLS,528
HWAY,528
EAR,528
HEMA.OB,528
HH,528
HYTM,528
IPCM,528
LSPN.PK,528
MDZ,528
MLKNA.OB,528
NHWK,528
OPMC.PK,528
PRXZ.PK,528
PDX,528
PYTO.OB,528
PSYS,528
QMED.PK,528
SHSO.PK,528
PRSC,528
TLCV,528
USPH,528
UCIA.OB,528
VRAD,528
GNBA.PK,610
RTN,610
BA,610
AIR,611
AIM,611
AVAV,611
AAII,611
ATK,611
ATRO,611
AXVC.PK,611
BAESY.PK,611
BRSI.PK,611
BEAV,611
BZC,611
BUKS.OB,611
CGT,611
CVU,611
CW,611
DFNS.OB,611
DCO,611
EPEO.PK,611
EDAC,611
ESLT,611
ERJ,611
ERI,611
ESL,611
FAVS.PK,611
FIRM.PK,611
FLTS.OB,611
GD,611
GR,611
ZODFF.PK,611
HWK,611
HEI,611
HXL,611
HSR,611
HON,611
KAMN,611
KRSL,611
LMIA,611
LMT,611
MTSXY.PK,611
MLER.OB,611
NOC,611
NEIK.OB,611
ORB,611
OSIIF.PK,611
COL,611
RYCEY.PK,611
SIF,611
SWHC,611
SPAB,611
SPR,611
TASR,611
TDY,611
ADG,611
TOD,611
TDG,611
TGI,611
AG,620
ALG,620
ARTW,620
ASTE,620
BUCY,620
CAE,620
CAT,620
CNH,620
CMCO,620
DE,620
GENC,620
HIT,620
JOYG,620
LNN,620
NC,620
ORGT.OB,620
PTG,620
TEX,620
MTW,620
SKFRY.PK,621
ASEI,621
ATLKY.PK,621
ATSAF.PK,621
BRRAY.PK,621
B,621
CRDN,621
CCF,621
CIR,621
CECU.PK,621
COHY.PK,621
DPDW.OB,621
DLPX.PK,621
DTAXF.PK,621
EVSNF.OB,621
EGT,621
EMR,621
NPO,621
FANUY.PK,621
GNRL.PK,621
GLPW.PK,621
GPOVY.PK,621
HEES,621
INVI.OB,621
IVNYY.PK,621
KWHIY.PK,621
KMTUY.PK,621
MSC,621
MXCYY.PK,621
MZIA.PK,621
MWA,621
NGA,621
OFLX,621
OSRS.PK,621
PFSD.OB,621
PH,621
MUEL.PK,621
PNR,621
PPTV.PK,621
QPDC.PK,621
RIVT.PK,621
ROP,621
SDVKY.PK,621
SXI,621
SNHY,621
STEK.PK,621
TTES,621
TECUB,621
TOOD.PK,621
TMRAY.PK,621
TNSB.PK,621
TCOR.PK,621
TRS,621
AFP,621
WTS,621
ATU,622
ADEP,622
ADMG.PK,622
AIXG,622
AMCRY.PK,622
AACS.OB,622
AP,622
AWRCF.OB,622
ATPL.PK,622
BLD,622
BNSO,622
BOTX.PK,622
BRDCY.PK,622
BGG,622
BC,622
CSKE.PK,622
CSHEF.PK,622
CYD,622
CLAR.PK,622
CLW,622
CFX,622
CGMC.PK,622
CKSNF.PK,622
CDURQ.PK,622
CMI,622
CVV,622
DOV,622
DRAKF.PK,622
DRC,622
EVTN.OB,622
ETC,622
FLDR,622
FLS,622
FMXL.PK,622
GDI,622
GRB,622
GGG,622
IEX,622
ITW,622
ZCOM.PK,622
INRB.PK,622
IR,622
ITWG.PK,622
IIN,622
ITT,622
JBT,622
KAIHE.OB,622
KCDMY.PK,622
KLBAY.PK,622
KUB,622
LEXPQ.PK,622
MNTX,622
MPR,622
NDSN,622
NVMI,622
PLL,622
PPXLF.PK,622
PMFG,622
PPKZ.PK,622
PRST,622
REXMY.PK,622
RBN,622
SHS,622
SEMX.PK,622
SETO.PK,622
SHFL,622
SEOAY.PK,622
SMTOY.PK,622
SVCBY.PK,622
TAYD,622
TFX,622
TNC,622
BSTR.OB,622
FUWAY.PK,622
GRC,622
MIDD,622
OVEN,622
TWIN,622
UPMKY.PK,622
VEII.OB,622
VULC.PK,622
WTEK.OB,622
WTER.OB,622
AMSU.OB,623
BNET.OB,623
CECE,623
DCI,623
EESH.OB,623
ERII,623
CLWT,623
FTEK,623
MFRI,623
NVIC.OB,623
PURE,623
SINX.OB,623
CIX,624
DVTS.OB,624
FLOW,624
HDNG,624
KDN,624
KMT,624
MKTAY,624
NNBR,624
ROLL,624
SSMH.PK,624
TTNDY.PK,624
SWK,624
TKR,624
THMD,624
FSCR.PK,625
LECO,625
PFIN,625
SSD,625
SNA,625
BDK,625
EML,625
SCX,625
TTC,625
ATGR.OB,626
CNMGA.PK,626
GTLS,626
ELGT.PK,626
FELI.PK,626
GHM,626
HIHO,626
LDSH,626
MATW,626
MINI,626
MLI,626
PKOH,626
PCP,626
RS,626
RUNIQ.PK,626
SHMT.OB,626
TDYT.PK,626
X,626
USNZY.PK,626
VMI,626
WMSI.PK,626
WLVT.PK,626
AOS,627
ABB,627
AIMC,627
AETI,627
AME,627
ARTX,627
AUSI.OB,627
AZZ,627
BEZ,627
BLDP,627
BDC,627
CPST,627
CALA.PK,627
CBAK,627
CCIX,627
DAKT,627
ETN,627
EEEI,627
HEV,627
ENR,627
ENS,627
XIDE,627
FELE,627
FCEL,627
BGC,627
GTI,627
HPJ,627
HYGS,627
LFUS,627
MAG,627
MDTL,627
NJ,627
OKME.OB,627
PLUG,627
POWL,627
PWVI.OB,627
PRTK.OB,627
RBC,627
ROK,627
SVT,627
SPCC.PK,627
TRCI,627
TNB,627
TIII,627
TLGD,627
ULBI,627
UQM,627
VLNC,627
WGOV,627
ZRBA,627
ZOLT,627
AIN,628
BMLS.PK,628
CFI,628
DII,628
IFSIA,628
ITXN.PK,628
MHK,628
POLGA.OB,628
DXYN,628
HWG,628
TRYIY.PK,628
UFI,628
VELC,628
XRM,628
AVTR,630
BZH,630
BHS,630
CTON.PK,630
CTX,630
CHCI,630
DHI,630
GFA,630
HOV,630
KBH,630
LEN,630
MDC,630
MHO,630
MTH,630
NVR,630
OHB,630
PHM,630
SKHSY.PK,630
SPF,630
TARR,630
RYL,630
TOL,630
TOUSQ.PK,630
WCIMQ.PK,630
WTMK.OB,630
XIN,630
AHMS.PK,631
CAV,631
CVCO,631
CHB,631
GDIV.OB,631
LIBHA.PK,631
MODT.PK,631
NOBH,631
PHHM,631
SKY,631
AERT,632
AMWD,632
DEL,632
HSPR.PK,632
JCTCF,632
KOP,632
LUK,632
LPX,632
MAS,632
MYSZY.PK,632
MXM,632
PATK,632
POPE,632
TWP,632
UFPI,632
WFTBF.PK,632
WY,632
CX,633
CMFAY.PK,633
CRH,633
EXP,633
EBLC.PK,633
HCMLF.PK,633
INBG.OB,633
LFRGY.PK,633
RMX,633
SMID.OB,633
TXI,633
MCEM.OB,633
RMIX,633
AAON,634
ACO,634
AMMX.PK,634
AMN,634
APOG,634
AWI,634
CUO,634
DW,634
ENCS.PK,634
FAST,634
GFF,634
HW,634
HMTC.PK,634
IPII,634
IBTGF.OB,634
JPST.PK,634
KGSPF.PK,634
LXU,634
MLM,634
MDU,634
MTWD.OB,634
MRCR.PK,634
NCS,634
OC,634
PGTI,634
QEPC,634
NX,634
RSOL,634
RPM,634
SSUMY.PK,634
TATTF,634
KMFI.PK,634
VAL,634
USLM,634
USG,634
VMC,634
AGX,635
BRANF.PK,635
CIYCF.PK,635
DY,635
ICA,635
FLR,635
FWLT,635
GVA,635
GLDD,635
HOWWY.PK,635
INSU,635
LTOUF.PK,635
LAYN,635
MTZ,635
MTRX,635
MDR,635
MVCO,635
MYRG,635
PCR,635
PLPC,635
PCYO,635
SERV,635
SXC,635
STRL,635
TKPPY.PK,635
GV,635
ARCAY.PK,636
CBI,636
CAEI,636
FIX,636
CRRP.PK,636
EFTI.PK,636
EDDH.PK,636
EME,636
ENKG.OB,636
ENTX.PK,636
HSOA.PK,636
IESC,636
ITRP.PK,636
IREX.PK,636
KSW,636
ONSE.PK,636
PEC,636
PWR,636
SHFK.PK,636
THPHF.PK,636
ECOL,637
AWX,637
BMTL.OB,637
CWST,637
CIWT.OB,637
CXIA.OB,637
EESC.OB,637
GNH,637
HCCI,637
IREC.PK,637
KGHI.PK,637
MPML.OB,637
MRMR.PK,637
OPST.PK,637
PDGE.OB,637
PESI,637
PCSNF.PK,637
RSG,637
SCOM.OB,637
SNRG.PK,637
STHK.OB,637
SRCL,637
SGR,637
TMEN.OB,637
TRTI.OB,637
BUGS.PK,637
WCN,637
WMI,637
WSII,637
WCAA,637
WEGI.PK,637
CHH,710
HMIN,710
IHG,710
IHR,710
MAR,710
MHGC,710
OEH,710
RLH,710
LODG.PK,710
SNSTA,710
HOT,710
MCS,710
WYN,710
YTBLA.OB,710
ASCA,711
BYD,711
CNTY,711
NYNY,711
FLL,711
GBCS.OB,711
WOLF,711
ILX,711
ISLE,711
LVS,711
LGN,711
MPEL,711
MGM,711
MCRI,711
MYRA.OB,711
UWN,711
PENN,711
PREZQ.PK,711
RIV,711
TBTC.OB,711
MTN,711
WYNN,711
ARKR,712
BNHN,712
BJRI,712
BOBE,712
BOBS.OB,712
EAT,712
BWLD,712
BKC,712
CPKI,712
TAST,712
CEC,712
CMG,712
CKR,712
COSI,712
CBRL,712
DRI,712
DENN,712
DIN,712
DPZ,712
EACO.OB,712
JOES.OB,712
BAGL,712
ELXS.PK,712
DAVE,712
FDOG.OB,712
FCCG.OB,712
FRS,712
GTIM,712
GCFB,712
GRIL,712
HGII.PK,712
JAX,712
JACK,712
KONA,712
KKD,712
LNY,712
LUB,712
MSSR,712
MCD,712
CASA,712
MRFD.OB,712
MRT,712
NATH,712
NROM.OB,712
CHUX,712
PFCB,712
PZZA,712
PZZI,712
RRGB,712
RICK,712
RUBO,712
RT,712
RUTH,712
SONC,712
STRZ,712
STKP.PK,712
TXRH,712
CAKE,712
SNS,712
WEN,712
WEST,712
YUM,712
CBOU,713
BDL,713
LSAL.PK,713
OTGO.OB,713
PNRA,713
SBUX,713
THI,713
AVCS.PK,714
BETM.OB,714
ARHN.OB,714
BYI,714
BGII.PK,714
BNGOF.OB,714
CLNW.PK,714
CHDN,714
CRYP,714
DDE,714
FGMG.OB,714
GWIR.OB,714
ISWI.PK,714
LDBKY.PK,714
LACO,714
LTFD.OB,714
MECA,714
MCAM.PK,714
MNTG,714
MGAM,714
OPAPF.PK,714
PACT.OB,714
PNK,714
PTEK,714
TABCF.PK,714
NCTY,714
TWOC.OB,714
UBET,714
ASRAF.PK,715
AASP.OB,715
AMBWQ.PK,715
DVD,715
GEE,715
IFLI.OB,715
ISCA,715
LTM,715
TRK,715
SPCI.OB,715
SCYL.PK,715
CLUB,715
USBL.OB,715
CCL,716
CUK,716
FUN,716
CIHS.OB,716
GSPT.OB,716
LYV,716
MLDS.PK,716
OUTD,716
PRXI,716
RCL,716
SIX,716
SKYL.PK,716
SMDI.OB,716
ORCD,716
TIXC,716
WMG,716
WWE,716
BYHL.OB,720
CMM,720
FMCN,720
MWW,720
OMC,720
IPG,720
VCLK,720
VISN,720
XFML,720
AWWC.PK,721
AMGU.PK,721
ADST.PK,721
AMCN,721
ALOY,721
APTD.OB,721
ALTM.PK,721
CCO,721
CMKG,721
CTCT,721
EMAK.PK,721
HHS,721
HAVSF.PK,721
HOLL,721
IUSA,721
KOW,721
LAMR,721
MCHX,721
MDCA,721
NCMI,721
NGMC.OB,721
PTSEF.OB,721
PRVLQ.PK,721
PUBGY.PK,721
SGK,721
SWWI.PK,721
SORC,721
SPQS.PK,721
VCI,721
WTCT.PK,721
WPPGY,721
CKXE,722
GET,722
KITD.OB,722
NWS,722
DIS,722
TWX,722
VIA,722
YOOIF.PK,722
ACME.PK,723
CBS,723
CETV,723
CTCM,723
DVNNF.OB,723
EVC,723
EMDAQ.PK,723
FSCI,723
GTN,723
TV,723
HTV,723
IION.PK,723
TVL,723
MAEI.PK,723
NXST,723
NTN,723
PLA,723
RCI,723
SBGI,723
WEHI.PK,723
WPTE,723
YBTVA,723
BBGI,724
CDL,724
CCMO.PK,724
CJR,724
CXR,724
CMLS,724
EMMS,724
ETM,724
RC,724
ROIA,724
RGCI,724
SGA,724
SALM,724
SIRI,724
SBSA,724
WRSPQ.PK,724
ADLE.OB,725
ASCMA,725
AAIAF.PK,725
BSY,725
CVC,725
CHTR,725
CDGT.OB,725
CMCSA,725
CRWN,725
DISCA,725
DISH,725
LCAPA,725
LMDIA,725
LBTYA,725
LNET,725
MCCC,725
MDIUY.PK,725
NNDS,725
PNTV.OB,725
SNI,725
SJR,725
SPDE,725
TVBCY.PK,725
TFNK.PK,725
TIVO,725
URBT.PK,725
VMED,725
ALPE.PK,726
CMLT.OB,726
CKEC,726
CNK,726
DWA,726
FMYR.OB,726
FRST.PK,726
GNXE.PK,726
GNPI.PK,726
GAMT.PK,726
DISK,726
LGF,726
MVL,726
MMTS.OB,726
NLN,726
NOOF,726
PAE,726
RDI,726
RGC,726
RENT,726
RHIE,726
TFAC.PK,726
VLCO.OB,726
WMDA.PK,726
AHC,727
ACNI.PK,727
BLC,727
DJCO,727
GCI,727
JRN,727
JRCO.PK,727
LEE,727
MEG,727
MTOAF.PK,727
NWCM.PK,727
OPRGF.PK,727
SCPXY.PK,727
SUTM.OB,727
SSP,727
MNI,727
NYT,727
WPO,727
TCMI.PK,727
DM,728
MSO,728
MDP,728
MAHI.PK,728
PRM,728
PRVT,728
RHD,728
ENL,728
RUK,728
SPRO,728
WTKWY.PK,728
CRRC,729
LMDCF.OB,729
MGHRF.PK,729
NED,729
PSO,729
PEDH,729
SCHL,729
GWOX.PK,729
MHP,729
ARO,730
ANF,730
AEO,730
ANN,730
BKRS,730
BNGPY.PK,730
BLHI.PK,730
CACH,730
CMRG,730
CHIC,730
CHRS,730
CHS,730
CBK,730
CTRN,730
PSS,730
DEST,730
DCOHF.PK,730
DSW,730
FL,730
GCO,730
GES,730
HRLSQ.PK,730
HOTT,730
JCG,730
JNY,730
JOSB,730
LTD,730
NWY,730
JWN,730
PSUN,730
PDESF.PK,730
RVI,730
ROST,730
SKFB.PK,730
SCVL,730
SSI,730
SMRT,730
SYMS,730
BKE,730
CTR,730
PLCE,730
DBRN,730
FINL,730
GPS,730
GYMB,730
MW,730
KIDS,730
TLB,730
WALK,730
WTSLA,730
TWB,730
URBN,730
ZUMZ,730
CPWM,731
DDS,731
JCP,731
KSS,731
M,731
MAKSY.PK,731
SKS,731
SHLD,731
BONT,731
TJX,731
NNCT.PK,732
NDN,732
BIG,732
BJ,732
COST,732
DLTR,732
DUCK,732
FDO,732
FRED,732
LIQWF.PK,732
PSMT,732
TGT,732
TUES,732
WMMVY.PK,732
WMT,732
NPD,733
CVS,733
OCR,733
PMC,733
RAD,733
WAG,733
ARDNA,734
BSI,734
CASY,734
CBD,734
DEG,734
DDRX,734
DYS,734
IMKTA,734
JSAIY.PK,734
AHONY.PK,734
RDK,734
SWY,734
SVU,734
SUSS,734
TSCDY.PK,734
DAIEY,734
GAP,734
KR,734
PTRY,734
PTFC.PK,734
VLGEA,734
WMK,734
WFMI,734
WINN,734
BBY,735
CC,735
CONN,735
GME,735
HDLM.PK,735
HRVE.PK,735
HGG,735
RSH,735
RSC,735
SHLP.OB,735
TWTRQ.PK,735
WLSA.OB,735
BLDR,736
FSPX.PK,736
IWTT.PK,736
KGFHY.PK,736
LOW,736
LL,736
MRGO.PK,736
MHCO.PK,736
HD,736
WOSLY.PK,736
BBBY,737
BSWY.PK,737
DWRI,737
HVT,737
JEN,737
KIRK,737
LARAF.PK,737
PIR,737
WSM,737
AAP,738
AZO,738
MMRK.PK,738
ORLY,738
PUPS.PK,738
PBY,738
PRTS,738
UFMG.PK,738
ATV,739
AMZN,739
ARIS.OB,739
BIDZ,739
BFLY,739
DLIA,739
EBAY,739
ENAB.OB,739
GAIA,739
GSIC,739
HSNI,739
IACI,739
IGAI.PK,739
NSIT,739
LINTA,739
LIVE,739
OSTK,739
PCCC,739
MALL,739
GARM.OB,739
RBI,739
STMP,739
SYX,739
VVTV,739
BGFV,740
CAB,740
DKS,740
DOVR,740
DRJ,740
GOLF,740
HIBB,740
SPCHA,740
FA,740
BBW,741
BMJ,742
NILE,742
DGC,742
EILL.PK,742
FNLY.OB,742
SIG,742
TIF,742
ZLC,742
ADBN.PK,743
BBI,743
HAST,743
MOVIQ.PK,743
NFLX,743
TWMC,743
XHUA.OB,743
CRMT,744
ABG,744
AN,744
KMX,744
CPRT,744
GPI,744
LAD,744
PAG,744
RUSHB,744
SAH,744
MJRC.PK,744
FLWS,745
ACMR,745
BKS,745
BAMM,745
BGP,745
CWTR,745
ISEE.OB,745
FGP,745
FGNT.PK,745
HIST,745
GMTN,745
GEER.PK,745
HKFI.PK,745
HUWHY.PK,745
NRGP,745
NRGY,745
IPT,745
JAS,745
LUX,745
HZO,745
MED,745
MDS,745
ODP,745
PERF,745
PETM,745
SBH,745
BID,745
SRII.PK,745
SPLS,745
SGU,745
SPH,745
TITN,745
TSCO,745
TA,745
UGP,745
VBDG.OB,745
WMAR,745
GPC,750
LKQX,750
CRV,750
AKNS,751
BECN,751
BXC,751
CCOM.OB,751
IBI,751
ARG,752
AIT,752
CFK,752
DXPE,752
HRSH,752
KHD,752
LAWS,752
MSM,752
AEY,753
AXE,753
ARW,753
VOXX,753
AVT,753
CELL,753
CRFT,753
HWCC,753
IFON,753
ISIG,753
ITRN,753
JACO,753
NUHC,753
ORBT,753
RADA,753
RELL,753
SCNI.OB,753
TAIT,753
TESS,753
TEWI.OB,753
UPG,753
UUU,753
GWW,753
WSO,753
WCC,753
ZNCM.OB,753
ALRT.OB,754
AHII,754
CHDX,754
HSIC,754
MWIV,754
NYER,754
OMI,754
PDCO,754
PSSI,754
STAA,754
AVSR,755
ENPT,755
GTSI,755
IM,755
INXI,755
NAVR,755
PRLS,755
PMRY,755
SCSC,755
TECD,755
TRNT.OB,755
WSTG,755
ABC,756
CAH,756
SAB,756
HLF,756
MCK,756
MLPH.PK,756
NUS,756
NPHC.OB,756
SMAN.PK,756
IFDG.OB,757
DIT,757
CORE,757
WILC,757
NAFC,757
OLMIF.PK,757
SPTN,757
SYBR.PK,757
SYY,757
UNFI,757
VPS,757
CAS,758
AE,758
ANW,758
ERS,758
GLP,758
HWKN,758
FSTR,758
LGOV.OB,758
MIC,758
POCC.OB,758
RVEP,758
FUEL,758
INT,758
CENT,759
CTHR,759
DANKY.OB,759
DCZI.OB,759
EDUC,759
LKI,759
MHJ,759
SCHS,759
SMS,759
USTR,759
VCO,759
AAC,760
ABM,760
AUSA,760
ALLN.OB,760
AM,760
AMIN,760
APEI,760
ARP,760
SOYL.OB,760
APAC,760
APDN.OB,760
ARBX,760
ATAC,760
ATHN,760
AUXO.OB,760
BNE,760
BRC,760
BAUEF.PK,760
BR,760
CDZI,760
CSEF.OB,760
TQ,760
CBZ,760
CHMP,760
CIDM,760
CTAS,760
CPBR.OB,760
CLCT,760
CTT,760
CPSI,760
SCOR,760
CGX,760
CSGP,760
CSS,760
CYBS,760
DNPCF.PK,760
DJRT.OB,760
DSEN.OB,760
DLX,760
DGIT,760
DCP,760
EACC.PK,760
EFSF.OB,760
ES,760
ENOC,760
ETAD.PK,760
ESCL.PK,760
EEFT,760
EXLS,760
FIC,760
FIS,760
FNGP.OB,760
FADV,760
VIFL,760
GKSR,760
GA,760
GMOS.OB,760
GTAX.OB,760
GPN,760
GRIF,760
HCSG,760
HSPO.OB,760
HPY,760
HMSY,760
IMNY,760
IAO,760
ICTG,760
INWK,760
INOC,760
NPLA,760
INSW,760
ICE,760
INLM.OB,760
INET,760
IILG,760
IRM,760
ITEX.OB,760
KONG,760
LMTI.PK,760
LEGL.PK,760
LRCI.PK,760
LPS,760
LLNW,760
LIVC.OB,760
LPSN,760
LMLP,760
MFW,760
MAGY.OB,760
MA,760
MELI,760
MSEL.PK,760
MTR,760
MGI,760
MXB,760
LABL,760
NHCR.PK,760
NHRX.OB,760
UEPS,760
NXMR.OB,760
NNUP.OB,760
NSOL.OB,760
ONT,760
OWW,760
PYDS.OB,760
PDII,760
PFSW,760
PFWD,760
PXIT.OB,760
PPDA.OB,760
TUTR,760
PRAA,760
POWR,760
PRGX,760
PTSH.OB,760
QBRWF.PK,760
RRD,760
RPTN.OB,760
REIS,760
RTOKY.PK,760
REFR,760
DINE,760
RBA,760
ROL,760
SVVS,760
SCRH.OB,760
SCUC.OB,760
SBON.OB,760
SDBT,760
SGRP,760
SNX,760
TISI,760
TTGT,760
TTEC,760
TRI,760
TJSCF.PK,760
TKTM,760
TRU,760
TSS,760
UNF,760
UTK,760
UVUM.OB,760
IVA,760
VCGH,760
VCSY.OB,760
VVI,760
VEDO.OB,760
V,760
VPRT,760
WINA,760
WNS,760
ZANE,760
RNT,761
AER,761
ACY,761
AYR,761
UHAL,761
CAR,761
FLY,761
CAP,761
DTG,761
ELRC,761
EFXFF.PK,761
GMT,761
GLS,761
HTZ,761
MRLN,761
MGRC,761
MIND,761
RCII,761
RRR,761
R,761
SQPFF.PK,761
TAL,761
TGH,761
URI,761
WSC,761
WLFC,761
ALHC.OB,762
AMIE,762
BWTL.OB,762
CSV,762
CPY,762
LONG,762
HRB,762
HI,762
JTX,762
NXTI.OB,762
ONVC.OB,762
LGBT,762
PPD,762
RGS,762
RSCR,762
ROAC,762
SCI,762
STNR,762
STEI,762
STON,762
WU,762
ULTA,762
WOOF,762
WTW,762
WUFG.OB,762
KDE,763
AMLH.PK,763
AWYI.OB,763
CLMDF.PK,763
CTRP,763
DCU,763
ESHB.PK,763
EHMEF.PK,763
EMS,763
FGXI,763
TUC,763
MNRO,763
NTRI,763
PACI.PK,763
RURL,763
SFLY,763
LOV,763
STAN,763
TLDN.PK,763
TRMP,763
UGTRF.PK,763
WSHE.OB,763
JOBS,764
ASF,764
AHS,764
AHNA.PK,764
BBSI,764
CDI,764
CCNI.OB,764
CITP,764
CCRN,764
DHX,764
JOB,764
GVHR,764
HHGP,764
KELYA,764
KFRC,764
KFY,764
MAN,764
MPS,764
NCI,764
ASGN,764
PAYX,764
RCMT,764
RHI,764
SFN,764
SRT,764
SSVG.OB,764
TSTF,764
TBI,764
VSCP,764
VOL,764
WSTF,764
ABIX.PK,765
CITY.PK,765
AXSI.OB,765
CFL,765
CKP,765
CSR,765
MOC,765
CRN,765
DEVC.PK,765
DMC,765
EKCS.OB,765
GWLK.PK,765
GEPT.PK,765
GDTI.OB,765
HBE,765
HOMS.OB,765
HNIN.OB,765
ICTSF.OB,765
INKS.OB,765
IZZI.OB,765
ID,765
LOJN,765
MAGS,765
MDII,765
MSGI.OB,765
NSSC,765
PBAL.PK,765
PBSO.PK,765
PNTR,765
PWNX.PK,765
PONE,765
SLGI.OB,765
SITGQ.PK,765
SKVY.OB,765
STTK.OB,765
SSTY.PK,765
BCO,765
GEO,765
TRIS,765
VYST.OB,765
VSYS.OB,765
EPAX,766
AMCE,766
APOL,766
ATAI,766
BVII.OB,766
CPLA,766
CECO,766
DL,766
CEDU,766
MBA,766
COCO,766
DV,766
EVCI.PK,766
GPX,766
LOPE,766
ITCC.PK,766
ESI,766
KDCE.PK,766
LGAX.PK,766
LTRE,766
LINC,766
MMS,766
MGTC.PK,766
NEWH.OB,766
EDU,766
NLCI,766
PCSV.OB,766
QUSA.PK,766
STRA,766
REVU,766
UTI,766
VCMP.PK,766
VLCY.PK,766
RUSS.PK,766
ACM,767
CAI,767
EEI,767
ENG,767
FRM,767
IMCI.OB,767
JEC,767
KBR,767
KTOS,767
MIGL.OB,767
SAI,767
TTEK,767
URS,767
VSR,767
VSEC,767
WYY,767
WLDN,767
WWAT.OB,767
ACTG,768
AMRI,768
ARB,768
ARWR,768
BASI,768
CBLI,768
CBTE,768
CVD,768
GTF,768
DCGN,768
ENCO,768
FORR,768
GPRO,768
SRVY,768
HYDI.OB,768
ICLR,768
LDR,768
XPRT,768
LSTM.OB,768
LUNA,768
MAXY,768
NRCI,768
NTSC,768
OMEX,768
PRXL,768
PDGI,768
PWRM.OB,768
RPBC.OB,768
SNMX,768
SVXA.PK,768
SPIR,768
SMMX,768
ABCO,768
TSSRE.OB,768
TOFS.PK,769
ACN,769
AMWW.OB,769
ALTKF.PK,769
ADPI,769
ANCPA.PK,769
BDMS,769
BPTR.OB,769
CADV.OB,769
CFS,769
CRAI,769
DTPI,769
DUF,769
ELOY,769
EXPO,769
ESRX,769
FCN,769
IT,769
G,769
GEEG.OB,769
GLOB.OB,769
HSII,769
HEW,769
HIL,769
HURN,769
ICFI,769
IDSA,769
VTIV,769
ITHH.PK,769
LVWD.PK,769
BKR,769
NOVA,769
OCEX.OB,769
PIFR.PK,769
PRVH.OB,769
RMKR,769
RECN,769
EXBD,769
HCKT,769
TMNG,769
TGIS,769
TRR,769
TRNP.PK,769
USITQ.PK,769
WW,769
ACEAF.PK,770
AIDIF.PK,770
AICAF.PK,770
ALNPY.PK,770
AMR,770
BAIRY.PK,770
CEA,770
ZNH,770
CAL,770
DAL,770
FRNTQ.PK,770
RYAAY,770
TAM,770
UAUA,770
LCC,770
AAI,771
ALK,771
ALGT,771
CPA,771
XJT,771
GOL,771
GLUX.OB,771
GIA,771
HA,771
JBLU,771
LFL,771
MESA,771
PNCL,771
RJET,771
SKYW,771
LUV,771
AEOPF.PK,772
AIRM,772
APTPF.PK,772
AAWW,772
AAIR.OB,772
BRS,772
OMAB,772
PAC,772
ASR,772
LIMC,772
PHII,772
AIRT,773
ATSG,773
APNX.OB,773
CHRW,773
CHLO.OB,773
EXPD,773
FDX,773
HUBG,773
JLWT.OB,773
NSEH.OB,773
PACR,773
UPS,773
UTIW,773
VEXP,773
ABFS,774
AUTO.OB,774
CLDN,774
CNW,774
CVTI,774
DDMX,774
XPO,774
FWRD,774
FFEX,774
HTLD,774
JBHT,774
KNX,774
LSTR,774
MRTN,774
ODFL,774
PTSI,774
PATR,774
QLTY,774
SAIA,774
MVE,774
UACL,774
USOO.OB,774
USAK,774
VTNC,774
WERN,774
YRCW,774
TRMD,775
ACLI,775
RAMS,775
BHO,775
CPLP,775
CKNHF.PK,775
DAC,775
DHT,775
DSX,775
DRYS,775
EGLE,775
ESEA,775
EXM,775
FREE,775
FRO,775
GNK,775
GMR,775
GLNG,775
TMM,775
HRZ,775
HOS,775
ISH,775
KSP,775
KEX,775
VLCCF,775
NM,775
NMM,775
NPTOY.PK,775
NAT,775
OCNF,775
ODJAF.PK,775
ONAV,775
OSP,775
OSG,775
PACC.PK,775
PRGN,775
RLOG,775
SB,775
SCRB.PK,775
CKH,775
SSW,775
SFL,775
GASS,775
TBSI,775
TK,775
TGP,775
TGP,775
TNK,775
TDW,775
TNTTY.PK,775
TOPS,775
TRBR,775
TNP,775
ULTR,775
ARII,776
BNI,776
CNI,776
CP,776
CSX,776
RAIL,776
GWR,776
GSH,776
HYUHF.PK,776
KSU,776
NSC,776
NAMC.OB,776
PRRR.PK,776
PRPX,776
PWX,776
GBX,776
TRN,776
UNP,776
WAB,776
AMCI.PK,810
BVRSF.OB,810
CRAY,810
DMCP.PK,810
HPQ,810
IISLF.OB,810
IBM,810
IGT,810
KOTRF.PK,810
NIPNF.PK,810
NZ,810
NYFX,810
PCLI.PK,810
PSIOF.PK,810
RACK,810
SGMS,810
SGIC,810
SCLD,810
JAVA,810
TOSBF.PK,810
VTSI.PK,810
WDSL.PK,810
AAPL,811
DELL,811
LNVGY.PK,811
PALM,811
SOFN.OB,811
ADPT,812
CCUR,812
OMCL,812
SDON.OB,812
SCKT,812
TLVT,812
XATA,812
XLRT.OB,812
PAR,813
ALAN,813
BRCD,813
CPCIQ.PK,813
CML,813
DDUP,813
DPLTF.PK,813
DRAM,813
HILL,813
EMC,813
HTCH,813
IOMG.PK,813
IMN,813
ICNS.OB,813
IFSG.OB,813
INIV.OB,813
ISLN,813
LCRD,813
NTAP,813
OVRL,813
QTM,813
STX,813
SLCM.OB,813
STEC,813
TDC,813
TMOL.OB,813
VOLT,813
WDC,813
XRTX,813
COMS,814
BBOX,814
CSCO,814
IONN.OB,814
DGII,814
DIGA,814
ELON,814
EXTR,814
FNSR,814
JNPR,814
NWK,814
OCNW,814
RVBD,814
SILC,814
STAR,814
SMCI,814
SCMR,814
VPF,814
ZWBC.PK,814
ACFN,815
ARUN,815
ALOT,815
AUO,815
AVCT,815
BKYI.OB,815
CICI.OB,815
COPY.OB,815
DCNMQ.PK,815
EFII,815
ELX,815
ESCC,815
HAUP,815
ICAD,815
IGOI,815
IMMR,815
INFS,815
LINK.PK,815
IN,815
IMOT.OB,815
INPH,815
KTCC,815
LTRX,815
LXK,815
LOGI,815
MSII,815
MRCY,815
MITK.OB,815
MTSI,815
NICE,815
OIIM,815
OCENY.PK,815
OPNT,815
PLNR,815
RDCM,815
RSYS,815
RICOY.OB,815
RIMG,815
SCMM,815
SOYO.OB,815
SSYS,815
TELVQ.PK,815
TISA,815
TACT,815
TROY.PK,815
PANL,815
VIDE,815
WAVX,815
ZBRA,815
TDSC,820
ATVI,820
BBBB,820
CNVR,820
CREL,820
CTORF.OB,820
DIVX,820
DNYFF.OB,820
ECEC.PK,820
EGAM.PK,820
ERTS,820
FCSEQ.PK,820
GLUU,820
KNM,820
COOL,820
MMUS,820
PRYNF.PK,820
PLGC.OB,820
RLRN,820
SKIL,820
TTWO,820
THQI,820
WZEN,820
ACTU,821
ADBE,821
AVEE.OB,821
ADVS,821
AMSWA,821
ANTS.OB,821
ATEA,821
AXSO.OB,821
BELM.PK,821
BITS,821
BMC,821
BORL,821
EPAY,821
BPOM.OB,821
BLSW,821
BCAS.OB,821
CA,821
CALL,821
STV,821
CLSI.OB,821
CVLT,821
CPWR,821
CPYE.OB,821
COVR.OB,821
TRAK,821
DELGF.PK,821
PROJ,821
EPIC,821
FNDT,821
FMDAY.OB,821
GUID,821
ILC,821
ISTC.PK,821
INTU,821
LWSN,821
MGIC,821
MSFT,821
TYPE,821
NTWK,821
NUAN,821
OBAS,821
ORCL,821
PWEB.OB,821
PWRD,821
PVSW,821
PTEC,821
PRGF.OB,821
PRGS,821
PRO,821
QADI,821
RHT,821
RTLX,821
RNOW,821
SLRY,821
SAP,821
SCIL,821
SECX.PK,821
SMSI,821
SOAP,821
SNMB.OB,821
SOFO,821
SPSS,821
LIMS,821
SXCI,821
SY,821
SNCR,821
TLEO,821
AECC.PK,821
HRCT.OB,821
TIGR,821
VSNT,821
VOXW,821
WNYN.OB,821
ACIW,822
ALLT,822
ANSS,822
ADSK,822
BSQR,822
CDNS,822
CMSF.OB,822
CHRD,822
CIMT,822
CNQR,822
DASTY.PK,822
ERMS.OB,822
EVOL,822
GMPW.PK,822
GOJO.OB,822
HMDO.PK,822
ISNS,822
IFSC.PK,822
INS,822
MDKFF.PK,822
MANH,822
MENT,822
MCRS,822
MSCS,822
NATI,822
OMTL.OB,822
OPTV,822
PMTC,822
PDFS,822
PNS,822
RDVWF.OB,822
SPNS,822
SMRL.OB,822
SNPS,822
SCOXQ.PK,822
TYL,822
VMW,822
ACTI,823
ALDN,823
ASVN.OB,823
ASIA,823
CHKP,823
CGUD.PK,823
DVNTF.OB,823
DBTK,823
EDFY.PK,823
ENTU,823
IWSY.PK,823
INTZ.OB,823
MFE,823
NENG,823
NOVL,823
FIRE,823
TCNH.OB,823
VDSI,823
VRNT.PK,823
VISRF.PK,823
ACXM,824
ACS,824
AGYS,824
ATCT.OB,824
AUGR.PK,824
AUTNF.PK,824
BTSR.PK,824
BUTL.PK,824
CANM.PK,824
CCEQQ.PK,824
CWLC.PK,824
CBR,824
CSYS.PK,824
CSC,824
CTGX,824
CSKKF.PK,824
DSNY.OB,824
EDGW,824
ELRN,824
ENHT.OB,824
FJTSY.PK,824
HX,824
HTHO.PK,824
IGTE,824
IFLG,824
INFY,824
ISCR.OB,824
ITIG.OB,824
MLOG.PK,824
MNDO,824
MTMC,824
NAVI,824
NCIT,824
NCR,824
NSTC,824
PER,824
PGRA.OB,824
RDWR,824
RMLX.PK,824
SAY,824
SDLLF.PK,824
SNTO.PK,824
SPHE.PK,824
SRX,824
SXE,824
SYKE,824
SYNT,824
TSCC,824
TEAM,824
TLSRP.PK,824
TIER,824
TPPPF.PK,824
UBIX.PK,824
UIS,824
VRTU,824
TSIH.PK,824
MDRX,825
APY,825
BGAT.OB,825
BDTE.PK,825
CERN,825
CMPD.OB,825
ECLP,825
ETWC,825
HAXS,825
HGAT.PK,825
HLTH,825
ICCO.PK,825
MDAS,825
MEDW,825
MEDQ,825
MRGE,825
MGT,825
PXPT.PK,825
PCYS.OB,825
QSII,825
STRM,825
SUQU.PK,825
ACCL,826
ATVE.PK,826
AVGG.OB,826
AFFIQ.PK,826
DOX,826
AMCS,826
ANLY,826
ANCRF.PK,826
ARST,826
ALIF.OB,826
ASAL.PK,826
AZPN.PK,826
ATTUF.OB,826
ADP,826
AVSY.PK,826
AVSO.OB,826
BWEBF.PK,826
BKBO.PK,826
BLKB,826
BCSI,826
BPHX,826
BRHI.OB,826
BRST.PK,826
CALD,826
CBZFF.OB,826
CATT,826
CLTY.PK,826
CHKMF.PK,826
CTDC,826
CTGLF.PK,826
CICN.OB,826
CLRS.PK,826
COGT,826
CTSH,826
CMVT.PK,826
CVG,826
CNIC,826
CSGS,826
CSPI,826
CTIG.OB,826
DLEXY.PK,826
DTLK,826
DWCH,826
DLAV.PK,826
DMAN,826
DIRI.OB,826
DRCO,826
EFUT,826
EBIX,826
EGAN.OB,826
ELCO.PK,826
EMAG,826
ENUI.PK,826
EPIQ,826
PLUS,826
ETLO.OB,826
FALC,826
FSTW.PK,826
FISV,826
FLTT.OB,826
ASUR,826
FORTY,826
GWRX.PK,826
GFSI,826
GRVY,826
GVP,826
HMNA,826
HRAY,826
ITWO,826
IHS,826
IMTL.OB,826
RX,826
MAIL,826
INOW.PK,826
INFA,826
IAIC.OB,826
ISSC,826
INNU.OB,826
ISYS,826
IBSS.PK,826
IDN,826
ININ,826
ICRD.OB,826
IWOV,826
IONA,826
JKHY,826
JGPK.OB,826
JDAS,826
KNXA,826
KLMK.PK,826
LGTY,826
LFT,826
LYRI.OB,826
MCNYF.PK,826
MVSN,826
MGOF.OB,826
MANT,826
EMED.OB,826
MEDE,826
MSTR,826
MWY,826
MHME.PK,826
NEOM.OB,826
NEST.OB,826
NTCT,826
N,826
NMKT.PK,826
NXPS.PK,826
NINE,826
NTLNF.OB,826
NVTL,826
NXIFF.PK,826
OMTR,826
ONEV.OB,826
ONSM,826
OCEIF.PK,826
OPLO.PK,826
PMTT.PK,826
PCYG.OB,826
PTI,826
PEGA,826
PRFT,826
PHFB.OB,826
PPID.OB,826
PSOF,826
PKT,826
PSCO.OB,826
QDHC,826
QSFT,826
RADS,826
RTPR.PK,826
SNDTF.OB,826
SAPE,826
SDNA.OB,826
SEEC.PK,826
SLP,826
SBN,826
SOFT.OB,826
SLH,826
SNIC,826
SBSW.OB,826
STKH.OB,826
SFSF,826
SUMT,826
SYNA,826
TEKC.PK,826
TSYS,826
BBKH.PK,826
DSGX,826
TIBX,826
TITAF.OB,826
TNTSF.PK,826
TTPA,826
TRXI,826
TSRI,826
TTIL,826
TXPO.OB,826
ULCM.PK,826
UNCA,826
UWKI.OB,826
VLDI.OB,826
VIT,826
VERA.OB,826
VRDI.PK,826
VSTI.PK,826
VRCC.PK,826
VRYAF.PK,826
VTAL,826
VMII.OB,826
VOYT.OB,826
WIND,826
WIT,826
RNIN,826
WSTM,826
ZICA,826
ABVT.PK,827
ALYI.OB,827
ANSW,827
AKMN.PK,827
CDMA.PK,827
CLTZF.PK,827
CMTX.OB,827
DATA,827
DST,827
FDS,827
GNET,827
GOFH.OB,827
IDC,827
JUPM,827
LPHC.PK,827
CITC.OB,827
DNB,827
TRIN,827
WXS,827
AIDO.OB,830
AMD,830
ADI,830
APIA.OB,830
ARMH,830
ATML,830
BELFA,830
CAVM,830
CY,830
ENTR,830
FORM,830
GSIT,830
IFX,830
IDTI,830
INTC,830
ISIL,830
MXIM,830
MLNX,830
NSCT.OB,830
NSM,830
NMGC.PK,830
ONNN,830
OPXT,830
SIMG,830
SPRD,830
STM,830
TXN,830
VTSS.PK,830
WEDC,830
ALSC.PK,831
DPAC.OB,831
ISSI,831
LGVN,831
MXICF.PK,831
MMTIF.OB,831
MU,831
MIPS,831
NLST,831
NETL,831
PXPL,831
QI,831
RMBS,831
RMTR,831
SNDK,831
SSTI,831
SPSN,831
ACTL,832
ACTS,832
AATI,832
AFOP,832
ALTR,832
ASTI,832
AUTH,832
BKHM,832
CSIQ,832
CEVA,832
CRUS,832
DSTI,832
ENER,832
ENTN,832
FSLR,832
SOLR,832
HIMX,832
IXYS,832
JASO,832
LSCC,832
LLTC,832
LOGC,832
LSI,832
MATH.PK,832
MEMS,832
MCHP,832
MPWR,832
NVEC,832
NVDA,832
OTIV,832
OPTI.OB,832
RBCN,832
SIGM,832
SLAB,832
SOLF,832
SPWRA,832
TRID,832
TSL,832
UCTT,832
VIMC,832
VIRL,832
XLNX,832
ZRAN,832
API,833
AMKR,833
ANAD,833
AMCC,833
ATHR,833
AVNX,833
AXTI,833
BRCM,833
CAMD,833
CSUN,833
CNXT,833
DIOD,833
EMKR,833
EXAR,833
FCS,833
HIFN,833
HITT,833
ITLN,833
IRF,833
INTT,833
IPGP,833
IRSN,833
LDIS,833
LKPL.PK,833
LAVA,833
MRVL,833
WFR,833
MTLK,833
MCRL,833
MSCC,833
TUNE,833
MOSY,833
MRVC,833
OVTI,833
OPLK,833
PRKR,833
PSEM,833
PLAB,833
PXLW,833
PLXT,833
PMCS,833
POWI,833
QLGC,833
QUIK,833
SOL,833
RFMD,833
SATC,833
SMI,833
SMTC,833
SWKS,833
SMOD,833
SMSC,833
SUPX,833
TSM,833
TO,833
TSEM,833
TMTA,833
TXCC,833
TQNT,833
UMC,833
VLTR,833
WYNX.OB,833
YGE,833
ZARLF.OB,833
ASX,834
ATE,834
AEHR,834
AMTA.PK,834
ASYS,834
AMAT,834
ASTTY.OB,834
ASMI,834
ASML,834
ASYT,834
ATMI,834
ACLS,834
BESIY.PK,834
BRKS,834
BTUI,834
CCMP,834
CHRT,834
IMOS,834
COHU,834
CREE,834
CYMI,834
DNDT.PK,834
EGLS,834
ENTG,834
EXNT.OB,834
EZCH,834
FSII,834
GGOX.OB,834
IBIS.PK,834
INFG.PK,834
ISO,834
XXIA,834
KLAC,834
KLIC,834
LRCX,834
LPTH,834
LTXC,834
MTSN,834
MCTI.OB,834
MPAD.OB,834
MSPD,834
MKSI,834
NVLS,834
OSIS,834
PSITY.PK,834
REAL.OB,834
SESMF.PK,834
SMTL,834
SPIL,834
SODI.OB,834
SRSL,834
TWLL,834
TGAL,834
TER,834
TSRA,834
TRT,834
UTEK,834
VSEA,834
VECO,834
VRGY,834
AACAF.PK,835
BHE,835
CLS,835
CIRC.OB,835
DDIC,835
ASY,835
ELTK,835
FLEX,835
IECE.OB,835
JBL,835
MERX,835
MFLX,835
MWAV.OB,835
PKE,835
PTIX,835
PLXS,835
RAVN,835
SANM,835
SGMA,835
SMTX,835
TTMI,835
ACLO.OB,836
ACSEF.PK,836
ADTI.OB,836
AEIS,836
ADOT.PK,836
AMSC,836
ATCO,836
APH,836
APNT.OB,836
AGHG.PK,836
AVZA,836
AVX,836
BOSC,836
CHP,836
CWBYF.OB,836
CHID.OB,836
COGO,836
CNLG,836
CPII,836
CPSH.OB,836
CTS,836
DPW,836
DESCQ.PK,836
DLB,836
ESIO,836
ENLU.OB,836
ENA,836
ESP,836
EGCO.PK,836
ESLR,836
EXFO,836
FELTF.PK,836
GAXC.OB,836
HEII.PK,836
HXGBF.PK,836
HRSEF.PK,836
HOKU,836
INVC,836
INVX.PK,836
ITKG.OB,836
IVAC,836
IQPOF.PK,836
JST,836
JRGTF.PK,836
KEM,836
KOPN,836
KYO,836
LDK,836
LPL,836
LTHU.PK,836
LXELF.PK,836
MXWL,836
MEI,836
NOIZ,836
MVIS,836
MFCO.OB,836
MNBEY.PK,836
MIELY.PK,836
MOLX,836
NTE,836
NCTI.PK,836
NSYS,836
OESX,836
PFCE.PK,836
PHPG.OB,836
PWER,836
QMRK.PK,836
QBAK,836
RFIL,836
SHCAF.PK,836
SIMO,836
SIMC.PK,836
SIMC.PK,836
SLI,836
SMTGF.PK,836
SGFRF.PK,836
SPA,836
SPEC,836
SNMO.PK,836
STP,836
STCI.PK,836
TDK,836
TNL,836
DEWY.OB,836
TNRK.PK,836
TTLO.PK,836
TPVTF.PK,836
TVIAQ.PK,836
TEL,836
TYC,836
VICR,836
VSH,836
WGA,836
WTRO.OB,836
WMS,836
AXK,837
ADMH.PK,837
ATRM,837
AFFX,837
A,837
AMOT,837
ALOG,837
AERG,837
STST,837
AXYS,837
BMI,837
BEC,837
BIO,837
BRKR,837
CALP,837
CAMT,837
CRA,837
CPHD,837
CLRT,837
CGNX,837
COHR,837
COMV,837
CUB,837
CYBE,837
DAIO,837
DNEX,837
DYSL.OB,837
ELSE,837
EMAN.OB,837
ESE,837
FARO,837
FEIC,837
FLIR,837
GRMN,837
GIGA,837
GSIG,837
HBIO,837
HRLY,837
HICKA.OB,837
HURC,837
ICXT,837
IIVI,837
INIS.OB,837
IMA,837
INSA.OB,837
IO,837
IRIS,837
IOMT.PK,837
ITRI,837
JMAR.OB,837
KTII,837
KEI,837
KEQU,837
LLL,837
LB,837
LCRY,837
LIME,837
MTCH.OB,837
MEAD,837
MEAS,837
MKTY,837
MTD,837
MIL,837
MOCO,837
MTSC,837
NANO,837
NEWP,837
OICO,837
ORFR.OB,837
ORBK,837
OYOG,837
PRCP,837
PLKH.OB,837
PSDV,837
RAE,837
RSTI,837
RTEC,837
SMIT,837
SCND.OB,837
SPGNA.PK,837
SRMC.OB,837
SIRF,837
SOTK.OB,837
STKR,837
STRN,837
SYPR,837
TIK,837
LGL,837
TMO,837
TLX,837
TRNS,837
TBIO.OB,837
TRMB,837
TVIN,837
UNDT.OB,837
VARI,837
VRML.OB,837
WAT,837
WEX,837
WTT,837
ZIGO,837
AIRN,840
AIRV,840
ALVR,840
AMX,840
ABTG.OB,840
ANEN,840
ARCW,840
ASIQ.OB,840
ATSX.OB,840
AFT,840
BCST.OB,840
CEL,840
CYCL,840
GRRF,840
CHL,840
CHU,840
CHT,840
CLWR,840
CPROF.OB,840
DMAR.PK,840
DT,840
FTGX,840
FTWR,840
FLIP.PK,840
FSN,840
GGBM.PK,840
GSAT,840
GOAM,840
GTCC.PK,840
ITUI.OB,840
ICOG,840
ICOA.PK,840
IDCC,840
KNOL,840
LEAP,840
LGMB.OB,840
LTON,840
MXT,840
PCS,840
MBT,840
MYST.OB,840
TNDM,840
NTLS,840
DCM,840
NWTT.OB,840
VIP,840
PTNR,840
PCTI,840
PT,840
PRXM,840
QXM,840
RCNI,840
SBAC,840
S,840
SRHBY.PK,840
TLVA.PK,840
TCN,840
TSP,840
ERIC,840
TMB,840
TELNY.PK,840
TDS,840
TLLE.PK,840
WRLS,840
TU,840
XCHC.OB,840
TSU,840
TKC,840
USM,840
UTYW.PK,840
USMO,840
UTSI,840
VM,840
VIV,840
VOD,840
VYYO.PK,840
WVCM,840
WFYW.PK,840
WIRX.PK,840
XOHO.OB,840
EGHT,841
APKT,841
ACRO.PK,841
ADCT,841
ADTN,841
ALU,841
ATGN,841
ATEL.PK,841
APSG,841
ARRS,841
AUDC,841
AVNY.OB,841
AWRE,841
BBND,841
BOGN.PK,841
CAMP,841
CBEY,841
CRNT,841
CHNL,841
CIEN,841
CRLI.OB,841
CLFD,841
CLRO,841
CLHI.PK,841
CMRO,841
CTV,841
JCS,841
CMTL,841
GLW,841
COSN.PK,841
CRDS.PK,841
DIGL.OB,841
DITC,841
TBUS,841
DSPG,841
SATS,841
ECTX,841
EFJI,841
ETCIA.PK,841
ELMG,841
ENWV,841
EZEN.OB,841
FKWL.OB,841
FEIM,841
GILT,841
HLIT,841
HRS,841
HSTX,841
IDSY,841
IKAN,841
INFN,841
ISEC.OB,841
JDSU,841
KVHI,841
LORL,841
MRM,841
MOT,841
XDSL.OB,841
NEON,841
NTGR,841
NWBD.OB,841
NEXS,841
NOK,841
NSATF.OB,841
NMRX,841
OPTC,841
OCCF,841
ORCT,841
PTSC.OB,841
PIII,841
ANTP,841
PWAV,841
XING,841
QCOM,841
RFMI,841
SCOP,841
SHOR,841
SWIR,841
SONS,841
SPMYY.PK,841
SRTI.PK,841
SCON,841
SYMM,841
TCCO.OB,841
TLAB,841
TELT.OB,841
TEVE.OB,841
DTV,841
TNS,841
TCLL.PK,841
VRAZ,841
CHIP,841
VRSOQ.PK,841
VSAT,841
VTKHY.PK,841
WGNR,841
WSTL,841
WGAT.OB,841
XETA,841
ZHNE,841
ZOOM,841
AMLJ.OB,842
BDR,842
DCMT.OB,842
EDCI,842
GCOM,842
IDAI.OB,842
ITI,842
LTTC.OB,842
LVWR,842
NT,842
NTFY.OB,842
PLT,842
PLCM,842
RVSN,842
RITT,842
SEAC,842
SNR,842
SYNX,842
TKLC,842
VII,842
ETAK.OB,843
GNCMA,843
GSNC.PK,843
PRTL.OB,843
SPAL.PK,843
TMX,843
UCNN,843
ALSK,844
T,844
AXTLF.PK,844
BCE,844
CGTVF.PK,844
CTL,844
CBB,844
CNSL,844
DECC,844
EONC,844
EQIX,844
FRP,844
FTR,844
HTCO,844
IWA,844
OCLGE.OB,844
Q,844
RPID.OB,844
SHEN,844
TWTC,844
VZ,844
VOCL,844
WWVY,844
WIN,844
ATNI,845
BRP,845
BT,845
CHA,845
CTEL,845
CTC,845
FTE,845
OTE,845
HTX,845
KTC,845
MTA,845
MTE,845
MICC,845
MBND,845
NULM.OB,845
NTT,845
NTL,845
ROS,845
PHI,845
IIT,845
SI,845
SKM,845
SURW,845
TCL,845
TNE,845
NZT,845
TBH,845
TAR,845
TEF,845
TMRK,845
SMLC,846
ACTT.PK,846
AMT,846
APPTY.PK,846
COBT.OB,846
CNTF,846
CCOI,846
CANUY.PK,846
CVST.PK,846
CCI,846
EAGB.PK,846
ELNK,846
EQ,846
GEOY,846
GLBC,846
GTLT.OB,846
GLBT.PK,846
GLOW.OB,846
GPSN.OB,846
HUGH,846
HTC,846
ICFO.PK,846
IDT,846
IHGR.PK,846
IGLD,846
ITCD.OB,846
KKPNY.PK,846
LCCI.PK,846
LVLT,846
LICT.PK,846
MDLK,846
MTSL,846
INFO.OB,846
MOBL.OB,846
NPSNY.PK,846
NETC,846
NSR,846
WAVE,846
ORBC,846
OTT,846
PAVC.PK,846
PCCWY.PK,846
PLYCF.PK,846
PGI,846
PCAGF.PK,846
PSNRY.PK,846
QSCGF.PK,846
RIMM,846
RRST,846
SGBAF.PK,846
SKYT.OB,846
SCNWF.PK,846
SCMWY.PK,846
SDXC,846
SVR,846
TEO,846
TI,846
TLCO.PK,846
TKAGY.PK,846
TSTC,846
TKG,846
TKO,846
TII,846
TSTR,846
CPHT.PK,846
TWER,846
VTLAF.PK,846
VG,846
WSTN.PK,846
WPCS,846
XFN,846
ZVUE,846
BZTG.PK,850
CTCH,850
CRMZ.OB,850
CYIO.OB,850
DLTM.OB,850
ESIC,850
FIND.OB,850
FULO.OB,850
GPPL.PK,850
GSB,850
IDIB.OB,850
GEEK.OB,850
IIJI,850
JAGH.OB,850
OECI.PK,850
PCLN,850
SFAD.OB,850
SIFY,850
SYTE.OB,850
SKGO.PK,850
SBJX.OB,850
USSHF.PK,850
XAND.PK,850
ADAM,851
ATWOQ.PK,851
AKAM,851
ABTL,851
BIDU,851
RATE,851
BDLN.PK,851
JRJC,851
EDGR,851
DIET,851
EXPE,851
FCON.OB,851
GSOL,851
GOOG,851
HGRD,851
HSTM,851
HSWI,851
INSP,851
KBAS.PK,851
LOCM,851
LOOK,851
MIVA,851
MOVE,851
NTES,851
NWMO,851
PAYD.OB,851
QPSA,851
REDF,851
SOHU,851
KNOT,851
TSCM,851
TRAC,851
TZOO,851
TCX,851
UNTD,851
UDW,851
WWWW,851
WBMD,851
YHOO,851
ABCC.OB,852
ARBA,852
ARTG,852
ARTD.OB,852
ADAT,852
BVSN,852
CHINA,852
GIB,852
CTXS,852
CLAI.OB,852
CKSW,852
DDDC.OB,852
DRIV,852
DSCM,852
ETEC.OB,852
FFIV,852
GIGM,852
GMKT,852
HPOL,852
IBAS,852
IWEB.OB,852
IDPI.OB,852
IIG,852
INOD,852
INAP,852
ICGE,852
ITRA,852
IPAS,852
JCOM,852
JCDA,852
KANA.OB,852
KEYN,852
LIOX,852
LQDT,852
MLNK,852
EGOV,852
NMXC.OB,852
OMCM.OB,852
ORCC,852
ONVI,852
OTEX,852
OPWV,852
RAX,852
RNWK,852
SONE,852
SABA,852
CRM,852
SLNM.OB,852
SLTC,852
SNDA,852
SINA,852
SNWL,852
LNUX,852
SPRT,852
SYMC,852
ULTI,852
VRSN,852
VCST.OB,852
VIGN,852
VOCS,852
WBSN,852
ZIXI,852
SBS,910
CWCO,910
CPL,910
EOC,910
ENI,910
HNP,910
KEP,910
MGS,910
TGS,910
VE,910
ACPW,911
AYE,911
AMEN,911
AEP,911
BCON,911
BKH,911
CPN,911
CDUAF.PK,911
EBR,911
CV,911
CNUV.OB,911
CNL,911
CLPHY.PK,911
CIG,911
ELP,911
CEG,911
D,911
DTE,911
DUK,911
DYN,911
EONGY.PK,911
EIX,911
EDPFY.PK,911
EE,911
EMRAF.PK,911
EDN,911
ELEYY.PK,911
ENLAY.PK,911
ETR,911
EPG,911
EEE,911
FE,911
FRTSF.PK,911
FPL,911
GXP,911
HE,911
HGKGY.PK,911
IBDRY.PK,911
IDA,911
ITC,911
KYSEF.PK,911
MAM,911
NRG,911
NST,911
OGE,911
ORA,911
OTTR,911
POM,911
PNW,911
POR,911
PPL,911
PGN,911
PSD,911
RRI,911
RNGY,911
RWEOY.PK,911
SSEZY.PK,911
SO,911
TE,911
TSCI.PK,911
AES,911
EDE,911
TKECF.PK,911
TAC,911
UIL,911
UNS,911
XEL,911
ZBB,911
ATG,912
APU,912
ATO,912
CPK,912
CLNE,912
CNIG.OB,912
DGAS,912
EPB,912
EGN,912
EWST,912
EQT,912
GASNF.PK,912
NFG,912
NGG,912
NJR,912
GAS,912
NWN,912
OKE,912
PNGKF.PK,912
PNY,912
RGCO,912
SRE,912
SJI,912
SUG,912
SWX,912
HOKCY.PK,912
LG,912
TRP,912
WGL,912
ALE,913
LNT,913
ARGY.OB,913
AEE,913
ACLLF.PK,913
AVA,913
BBJE.PK,913
BVTNF.PK,913
CDUAF.PK,913
CNP,913
CHG,913
CMS,913
ED,913
DPL,913
EVNVY.PK,913
EXC,913
FPU,913
GDFZY.PK,913
GEECF.OB,913
AQUA.PK,913
GRDJF.PK,913
TEG,913
KNOS.PK,913
MGEE,913
MIR,913
NI,913
NU,913
NWE,913
NVE,913
PCG,913
PNM,913
PEG,913
SCG,913
TSTA.OB,913
UGI,913
UTL,913
VVC,913
WR,913
WEC,913
AWR,914
AWK,914
WTR,914
ARTNA,914
BWTR,914
CWT,914
HOO,914
CTWS,914
HYFXF.PK,914
MSEX,914
PNNW,914
SJW,914
SWWC,914
YORW,914